2024-04-04 16:19:11,14.32,87.63,73.31,20.77,73.61,6.37,9.55
2024-04-04 22:18:13,12.23,86.56,74.33,22.30,74.33,5.09,9.45
2024-04-05 01:37:18,12.22,89.37,77.14,21.09,73.72,5.02,9.45
2024-04-05 02:21:21,11.43,85.25,73.82,20.65,73.90,5.12,9.47
2024-04-05 03:18:48,10.06,81.60,71.54,20.53,73.65,5.00,9.42
2024-04-05 04:19:10,10.12,83.66,73.54,20.21,73.79,5.02,9.33
2024-04-05 05:18:46,10.21,85.62,75.41,20.51,73.71,5.02,9.49
2024-04-05 08:22:22,11.18,90.69,79.51,23.89,74.21,5.10,10.61
2024-04-05 09:21:44,11.69,86.12,74.43,25.16,74.20,5.02,11.27
2024-04-05 11:21:16,10.49,86.08,75.58,20.77,73.65,5.05,10.83
2024-04-05 13:23:11,16.67,105.19,88.52,20.99,73.53,5.02,10.89
2024-04-05 18:22:02,11.00,86.66,75.66,21.55,73.65,5.08,11.27
2024-04-05 19:21:38,12.37,92.20,79.83,21.71,73.59,5.07,10.92
2024-04-05 22:21:31,11.64,92.55,80.91,24.09,73.89,5.09,10.71
2024-04-06 01:38:44,10.64,89.38,78.74,23.92,73.67,5.06,10.89
2024-04-06 04:22:11,11.33,82.10,70.78,20.64,73.52,5.15,10.95
2024-04-06 05:21:19,10.88,80.68,69.80,23.84,74.20,4.98,10.92
2024-04-06 08:21:53,11.01,77.31,66.30,23.70,73.94,5.14,10.85
2024-04-06 09:25:28,11.25,143.27,132.02,23.86,73.60,5.04,10.93
2024-04-06 10:21:48,11.95,80.97,69.02,21.09,73.58,5.11,10.64
2024-04-06 11:20:48,12.83,84.79,71.96,20.91,74.02,5.06,10.86
2024-04-06 12:23:39,16.43,96.89,80.46,23.53,73.62,5.01,10.74
2024-04-06 13:22:02,11.00,114.41,103.42,20.68,73.78,5.05,10.59
2024-04-06 14:20:57,10.90,83.95,73.05,20.24,74.00,5.07,11.69
2024-04-06 15:21:50,11.68,96.37,84.70,21.42,73.66,5.15,11.04
2024-04-06 18:21:44,10.79,83.78,72.99,23.85,74.20,5.00,11.18
2024-04-06 19:20:59,13.64,88.62,74.98,23.37,73.56,5.01,10.70
2024-04-06 22:21:00,11.01,83.36,72.34,20.65,73.62,5.06,11.01
2024-04-06 23:21:27,12.05,89.94,77.88,21.11,73.59,5.02,10.68
2024-04-07 06:22:05,11.11,91.54,80.43,24.55,73.54,5.06,11.20
2024-04-07 07:22:55,12.68,104.37,91.69,23.93,73.93,77.55,13.75
2024-04-07 08:22:29,12.28,84.43,72.15,24.53,73.65,5.12,11.10
2024-04-07 09:21:35,11.54,91.57,80.03,25.45,73.84,5.09,10.85
2024-04-07 12:32:04,12.76,96.85,84.10,23.30,73.88,77.52,14.04
2024-04-07 13:19:20,12.19,82.03,69.84,24.13,73.63,5.05,9.42
2024-04-07 15:19:12,12.45,86.76,74.31,23.68,73.39,-54.04,9.46
2024-04-07 16:19:23,13.44,102.58,89.14,27.04,73.73,5.31,11.57
2024-04-07 17:18:33,10.74,93.88,83.14,20.64,73.78,5.32,9.67
2024-04-07 18:19:18,11.90,82.84,70.94,24.75,73.46,5.37,9.48
2024-04-07 19:18:32,12.78,90.16,77.39,21.06,73.88,5.33,9.41
2024-04-07 20:18:41,11.40,95.29,83.89,24.08,73.69,5.37,11.66
2024-04-07 21:18:42,10.63,85.12,74.49,20.49,73.84,5.32,9.47
2024-04-07 22:19:06,13.70,100.12,86.42,24.31,73.79,5.33,11.45
2024-04-07 23:18:25,10.55,76.67,66.11,20.39,73.63,5.36,10.09
2024-04-08 00:32:05,12.43,81.52,69.09,24.91,73.45,5.32,9.36
2024-04-08 01:37:43,12.18,83.67,71.49,21.57,73.45,5.35,9.63
2024-04-08 02:22:33,12.42,97.03,84.61,24.24,73.42,5.33,9.41
2024-04-08 03:19:03,11.03,86.37,75.34,23.24,73.82,5.32,9.65
2024-04-08 04:22:22,11.27,86.25,74.98,24.18,73.74,5.32,12.13
2024-04-08 05:19:30,11.80,89.26,77.46,24.47,73.44,5.32,9.63
2024-04-08 06:19:33,12.92,89.87,76.95,24.08,73.52,5.34,9.74
2024-04-08 07:18:39,10.41,80.31,69.90,24.38,74.02,5.34,9.35
2024-04-08 08:19:39,12.15,94.42,82.27,24.54,73.52,5.31,9.53
2024-04-08 09:19:11,12.16,91.59,79.43,21.07,73.40,5.33,9.41
2024-04-08 10:22:05,11.05,88.18,77.13,20.75,73.48,5.35,10.65
2024-04-08 12:19:55,11.08,81.96,70.87,22.07,73.97,5.32,9.43
2024-04-08 13:18:36,10.71,80.20,69.49,21.07,73.46,5.97,9.46
2024-04-08 14:18:35,10.69,83.50,72.80,21.21,73.45,5.37,9.39
2024-04-08 15:19:17,12.45,116.57,104.12,21.50,73.56,5.36,9.62
2024-04-08 16:19:57,15.67,97.17,81.51,20.28,73.50,5.32,9.43
2024-04-08 17:19:17,14.59,106.07,91.47,23.82,73.77,5.39,11.57
2024-04-08 19:18:36,10.91,94.49,83.59,21.64,73.47,5.31,9.46
2024-04-08 20:19:37,13.27,94.98,81.71,23.82,73.74,5.32,11.41
2024-04-08 21:18:35,11.76,88.54,76.78,25.06,73.59,5.42,10.23
2024-04-08 22:19:56,12.41,113.28,100.87,27.33,74.11,6.19,12.20
2024-04-08 23:19:27,13.22,90.01,76.79,24.66,73.46,5.32,9.34
2024-04-09 00:31:34,13.09,88.43,75.34,20.72,73.57,5.31,9.37
2024-04-09 01:37:06,11.03,88.61,77.58,20.67,73.41,5.33,9.45
2024-04-09 02:21:21,12.56,99.87,87.31,21.34,73.81,5.34,10.87
2024-04-09 03:23:00,12.15,87.32,75.17,22.22,73.56,5.35,12.27
2024-04-09 04:19:31,13.08,94.04,80.97,24.05,73.56,5.25,9.47
2024-04-09 05:19:04,12.42,91.37,78.95,21.52,73.62,5.32,9.40
2024-04-09 06:19:18,12.63,81.90,69.26,21.45,73.50,5.31,9.64
2024-04-09 07:22:22,12.60,103.54,90.94,23.93,73.77,5.31,14.59
2024-04-09 08:19:20,12.55,86.22,73.68,21.19,73.45,6.88,9.48
2024-04-09 09:19:02,12.58,94.03,81.46,24.61,73.93,5.37,11.61
2024-04-09 10:19:26,10.92,78.07,67.15,20.42,73.52,5.31,9.35
2024-04-09 11:18:03,12.27,84.18,71.91,20.96,73.54,5.32,9.37
2024-04-09 12:20:16,12.41,90.67,78.25,20.44,73.47,5.37,9.53
2024-04-09 13:18:40,11.03,90.92,79.89,20.68,73.47,5.33,9.36
2024-04-09 14:18:23,11.55,89.48,77.93,21.29,73.47,5.32,9.39
2024-04-09 15:19:06,11.98,95.99,84.01,20.83,73.88,5.36,9.54
2024-04-09 16:19:59,14.33,91.26,76.93,21.58,73.46,5.33,9.61
2024-04-09 17:21:36,11.46,100.28,88.82,22.89,73.71,5.35,14.28
2024-04-09 18:18:59,10.66,84.85,74.19,20.69,73.47,5.32,9.44
2024-04-09 19:18:06,11.11,85.85,74.74,20.98,73.85,5.64,9.34
2024-04-09 20:18:39,9.96,82.05,72.09,20.52,73.47,5.31,9.48
2024-04-09 21:22:19,12.14,96.75,84.61,24.02,73.77,5.35,13.69
2024-04-09 22:21:42,11.69,95.74,84.05,23.79,74.36,5.32,13.94
2024-04-09 23:19:07,11.21,108.06,96.84,21.71,73.48,5.33,9.36
2024-04-10 00:31:25,15.51,94.85,79.34,20.44,73.46,5.36,9.58
2024-04-10 02:20:52,10.74,83.72,72.98,20.72,73.82,5.68,9.62
2024-04-10 03:19:27,12.55,102.10,89.55,23.24,73.78,5.31,11.29
2024-04-10 04:18:55,10.27,87.92,77.65,21.12,73.65,5.34,9.62
2024-04-10 05:18:39,11.49,80.12,68.63,23.15,73.52,5.73,9.48
2024-04-10 07:19:38,13.40,105.26,91.85,24.19,73.79,5.35,11.52
2024-04-10 08:19:34,12.22,86.74,74.52,21.12,73.54,5.33,9.82
2024-04-10 09:18:57,11.23,80.42,69.19,20.91,73.53,5.34,9.50
2024-04-10 10:18:57,13.21,83.51,70.30,20.27,73.45,5.37,9.42
2024-04-10 11:19:12,13.30,86.51,73.21,20.86,73.45,5.32,9.40
2024-04-10 12:21:25,11.05,83.39,72.34,20.45,73.71,77.88,9.32
2024-04-10 13:19:04,12.34,97.42,85.08,24.32,74.32,5.32,11.94
2024-04-10 14:18:35,13.71,86.76,73.05,20.74,73.93,5.34,9.48
2024-04-10 16:19:36,10.66,85.04,74.38,21.16,73.85,5.31,9.33
2024-04-10 17:18:48,11.18,110.94,99.77,21.68,73.51,5.31,9.55
2024-04-10 18:20:32,16.53,99.25,82.73,24.43,74.32,5.36,11.83
2024-04-10 19:19:16,13.06,105.28,92.22,21.62,73.73,5.37,9.69
2024-04-10 20:18:52,11.24,90.00,78.77,20.83,73.97,5.31,9.43
2024-04-10 21:18:38,11.79,79.67,67.88,20.66,74.36,5.69,9.55
2024-04-10 22:19:09,12.18,92.99,80.81,21.61,73.97,5.30,9.45
2024-04-10 23:22:35,12.37,99.60,87.23,24.21,74.35,6.12,13.80
2024-04-11 00:31:24,13.11,82.28,69.16,22.36,74.18,5.83,9.42
2024-04-11 01:37:25,10.12,77.81,67.69,20.45,73.86,5.28,9.54
2024-04-11 02:22:25,9.95,81.98,72.03,20.33,73.59,5.30,9.37
2024-04-11 04:22:15,12.34,96.40,84.06,24.05,73.84,5.35,13.46
2024-04-11 05:19:03,11.82,89.45,77.63,20.80,73.82,5.35,9.37
2024-04-11 07:18:43,10.96,80.07,69.10,20.99,73.46,5.33,9.43
2024-04-11 08:19:19,10.86,82.26,71.39,20.65,73.84,5.30,9.43
2024-04-11 09:18:48,11.65,82.78,71.13,21.30,74.19,5.32,9.39
2024-04-11 10:18:45,11.25,80.98,69.73,21.04,73.85,5.69,9.38
2024-04-11 11:21:31,12.41,92.07,79.67,24.76,74.44,5.34,13.86
2024-04-11 12:20:08,12.51,90.74,78.24,21.22,74.07,5.33,9.42
2024-04-11 13:19:07,12.97,95.85,82.87,21.27,73.84,5.29,9.38
2024-04-11 14:18:39,10.26,91.03,80.76,20.54,73.47,5.37,9.40
2024-04-11 15:19:13,12.18,103.56,91.37,29.77,74.90,5.27,12.48
2024-04-11 16:19:00,10.71,79.70,68.99,21.46,73.53,5.71,9.46
2024-04-11 17:18:53,11.67,100.22,88.55,21.80,73.58,5.36,10.31
2024-04-11 18:19:22,12.20,91.69,79.49,21.96,73.45,5.30,9.41
2024-04-11 19:21:21,11.56,97.38,85.82,24.74,74.22,5.39,14.30
2024-04-11 20:18:33,10.55,83.52,72.96,20.36,73.90,5.33,9.32
2024-04-11 21:22:03,12.94,99.93,86.99,24.19,74.20,5.36,14.24
2024-04-11 22:18:58,11.83,89.28,77.45,20.50,74.07,5.34,9.44
2024-04-11 23:19:13,11.74,90.85,79.11,20.97,73.44,5.32,9.54
2024-04-12 00:35:08,12.18,99.80,87.62,21.01,73.69,5.32,11.99
2024-04-12 01:38:06,14.40,126.97,112.57,21.27,73.40,5.32,9.71
2024-04-12 02:23:57,11.62,92.84,81.22,22.30,73.44,5.89,9.56
2024-04-12 03:22:29,11.50,104.30,92.80,24.52,73.82,5.31,13.82
2024-04-12 04:19:12,12.51,94.08,81.56,24.32,74.05,6.02,11.38
2024-04-12 05:20:03,13.70,106.16,92.46,23.56,73.71,5.41,11.27
2024-04-12 07:22:11,12.10,96.95,84.85,25.37,73.74,5.35,13.82
2024-04-12 08:19:24,13.30,93.25,79.96,24.71,73.91,5.77,11.34
2024-04-12 09:19:18,12.02,96.95,84.94,28.06,76.83,5.34,9.60
2024-04-12 10:18:52,11.44,89.79,78.36,20.93,74.11,5.33,9.59
2024-04-12 11:22:13,12.26,107.92,95.66,24.00,74.08,5.32,13.26
2024-04-12 12:19:47,11.36,85.27,73.91,21.85,73.76,5.36,9.50
2024-04-12 13:22:02,12.75,95.70,82.94,23.79,74.12,5.31,12.87
2024-04-12 14:21:29,11.76,93.68,81.91,23.73,73.82,5.32,13.92
2024-04-12 15:18:32,11.33,86.11,74.78,22.09,73.45,5.32,9.48
2024-04-12 16:22:16,11.33,96.79,85.46,21.27,73.58,5.34,11.99
2024-04-12 17:18:32,10.95,83.56,72.60,21.18,73.46,6.37,9.43
2024-04-12 18:18:41,11.40,77.97,66.57,20.32,73.45,5.33,9.32
2024-04-12 19:18:49,10.76,96.47,85.71,20.76,73.41,5.30,9.50
2024-04-12 20:19:01,11.50,92.21,80.70,20.15,73.49,5.52,9.34
2024-04-12 21:18:22,10.66,86.14,75.48,20.46,73.81,5.32,9.38
2024-04-12 22:18:21,13.12,102.23,89.11,24.63,73.71,5.36,12.03
2024-04-12 23:21:11,11.55,98.84,87.29,22.96,73.77,5.38,14.07
2024-04-13 00:27:48,11.96,85.39,73.43,21.19,73.58,5.36,9.33
2024-04-13 01:28:33,11.42,82.12,70.71,21.61,73.51,5.31,9.52
2024-04-13 02:18:29,10.39,84.20,73.81,20.72,73.83,5.34,9.44
2024-04-13 03:18:36,13.50,83.00,69.50,21.15,73.47,5.37,9.36
2024-04-13 04:19:02,10.79,87.34,76.55,20.88,73.49,5.37,9.49
2024-04-13 05:19:35,9.89,79.61,69.72,20.31,73.43,5.30,9.31
2024-04-13 07:18:34,11.79,94.79,82.99,21.16,73.49,5.37,9.64
2024-04-13 08:19:09,15.17,86.15,70.98,20.88,73.41,5.36,9.36
2024-04-13 09:17:54,10.63,85.64,75.01,20.99,74.15,5.31,10.28
2024-04-13 10:18:12,10.98,79.57,68.59,20.10,73.38,5.67,9.46
2024-04-13 11:18:08,13.38,91.98,78.60,21.22,73.46,5.32,9.38
2024-04-13 12:19:54,12.65,96.12,83.46,23.47,73.77,5.30,11.48
2024-04-13 13:19:39,12.42,134.38,121.96,22.92,73.70,5.32,11.63
2024-04-13 16:18:43,10.92,80.14,69.22,21.33,74.11,5.30,9.54
2024-04-13 17:20:45,13.54,96.56,83.02,23.53,73.52,5.26,13.01
2024-04-13 18:19:35,41.20,127.03,85.83,22.89,73.71,5.30,11.72
2024-04-13 19:21:06,12.87,96.81,83.95,23.75,73.75,5.33,13.71
2024-04-13 20:17:50,11.05,78.18,67.13,20.45,73.99,5.29,9.44
2024-04-13 21:18:56,22.89,115.46,92.56,23.93,74.86,5.35,11.64
2024-04-13 23:22:46,13.47,101.19,87.72,24.24,73.79,5.32,13.81
2024-04-14 00:33:50,12.02,89.15,77.13,20.97,74.03,5.31,9.57
2024-04-14 01:50:36,11.87,86.43,74.56,24.23,74.15,5.84,13.91
2024-04-14 03:44:17,11.88,90.46,78.58,21.12,74.35,5.37,9.51
2024-04-14 04:33:40,10.85,78.56,67.71,19.84,73.85,5.37,9.51
2024-04-14 05:49:59,12.19,95.68,83.49,24.38,74.45,5.33,11.55
2024-04-14 07:42:46,12.56,97.00,84.44,24.77,75.15,5.32,14.15
2024-04-14 08:56:17,11.65,80.20,68.55,21.30,74.43,5.30,9.60
2024-04-14 10:36:02,12.64,93.66,81.01,22.54,74.92,5.30,10.04
2024-04-14 12:22:58,14.46,112.04,97.57,25.30,75.19,5.34,13.12
2024-04-14 14:27:45,10.97,82.81,71.84,21.26,73.64,5.64,9.35
2024-04-14 15:55:41,11.56,83.45,71.89,20.68,73.63,5.46,9.47
2024-04-14 18:27:31,11.01,83.03,72.02,20.35,73.45,5.31,9.46
2024-04-14 21:54:09,12.31,102.76,90.46,24.07,74.72,5.33,13.85
2024-04-14 23:31:32,13.08,103.14,90.05,24.13,74.64,5.29,11.57
2024-04-15 02:47:49,12.41,93.96,81.55,21.67,73.92,5.31,9.60
2024-04-15 04:06:10,13.12,96.31,83.19,21.44,73.97,5.30,9.75
2024-04-15 04:32:48,12.27,109.44,97.17,24.81,74.71,5.33,13.69
2024-04-15 05:18:20,12.72,81.28,68.56,21.56,74.68,5.31,9.60
2024-04-15 07:21:13,11.71,95.62,83.91,24.59,74.83,5.44,13.79
2024-04-15 08:20:24,11.23,102.62,91.39,26.08,83.24,77.82,9.65
2024-04-15 09:18:50,12.53,89.66,77.13,22.04,73.97,5.31,9.61
2024-04-15 10:18:18,10.19,81.80,71.61,20.83,73.53,5.31,9.73
2024-04-15 11:19:34,11.45,93.39,81.95,29.25,85.07,5.31,9.96
2024-04-15 12:20:19,10.68,85.99,75.30,21.35,74.55,5.45,9.68
2024-04-15 13:23:17,11.16,79.67,68.51,22.20,74.10,77.76,11.20
2024-04-15 14:18:27,10.71,79.70,68.99,20.96,79.55,5.74,10.31
2024-04-15 15:19:37,14.52,107.47,92.95,24.35,81.93,5.36,11.81
2024-04-15 16:19:46,9.79,84.33,74.55,21.42,74.05,5.37,9.44
2024-04-15 17:18:26,11.93,95.96,84.03,20.61,74.28,5.36,9.67
2024-04-15 18:19:09,10.23,84.93,74.70,20.85,74.38,5.31,9.43
2024-04-15 19:19:50,19.43,112.52,93.08,21.57,73.93,5.30,9.89
2024-04-15 20:18:58,13.02,94.74,81.72,24.49,74.88,5.31,12.01
2024-04-15 21:19:06,12.36,93.14,80.79,20.94,73.89,5.31,9.54
2024-04-15 22:21:41,12.43,99.52,87.09,24.27,74.51,5.39,14.10
2024-04-15 23:18:46,10.74,91.18,80.43,21.45,74.13,6.36,9.50
2024-04-16 00:33:48,12.82,96.04,83.22,24.10,75.00,5.35,13.72
2024-04-16 01:37:01,11.36,75.62,64.26,20.58,74.65,5.31,9.53
2024-04-16 02:21:11,11.55,99.44,87.89,28.14,74.96,5.34,9.48
2024-04-16 03:19:08,12.64,86.47,73.83,21.40,74.30,5.35,9.55
2024-04-16 04:19:02,11.74,88.95,77.21,20.10,74.52,5.32,9.40
2024-04-16 05:18:46,11.90,85.85,73.95,21.76,74.27,5.84,9.75
2024-04-16 08:23:27,11.57,82.92,71.35,21.03,74.59,77.92,11.01
2024-04-16 11:18:26,12.40,110.81,98.41,25.92,76.26,5.30,11.50
2024-04-17 16:21:40,14.28,112.28,98.00,28.37,88.12,77.77,11.24
2024-04-17 17:18:16,11.00,85.37,74.37,24.01,75.33,5.65,9.66
2024-04-17 18:19:52,12.87,105.93,93.06,22.15,75.02,5.33,9.66
2024-04-17 19:18:56,12.89,103.54,90.65,23.35,75.66,77.74,11.96
2024-04-17 22:18:31,12.63,95.62,82.99,20.60,74.75,5.31,9.91
2024-04-17 23:19:10,11.36,92.68,81.32,20.65,75.16,5.34,11.20
2024-04-18 00:30:24,11.05,76.13,65.08,19.57,74.54,6.83,9.41
2024-04-18 01:37:17,13.23,92.81,79.58,26.11,75.08,5.38,12.53
2024-04-18 02:21:28,13.29,88.81,75.52,20.58,74.63,5.31,9.59
2024-04-18 03:19:08,13.83,93.49,79.66,20.73,74.44,5.33,9.63
2024-04-18 04:19:05,11.63,89.64,78.00,19.93,74.35,5.32,9.30
2024-04-18 05:19:51,10.41,85.75,75.34,19.96,74.43,77.88,9.44
2024-04-18 06:19:27,11.01,81.88,70.87,19.51,74.56,5.38,9.42
2024-04-18 07:20:40,13.82,101.11,87.29,23.03,74.92,77.86,11.53
2024-04-18 08:19:26,10.98,89.24,78.26,21.92,74.48,5.33,10.97
2024-04-18 09:19:01,12.98,85.11,72.13,20.20,74.10,5.31,9.46
2024-04-18 10:19:05,10.12,82.86,72.74,21.26,73.85,5.30,9.41
2024-04-18 11:18:25,11.77,83.82,72.05,23.21,81.55,5.27,9.67
2024-04-18 12:20:01,12.62,87.37,74.75,20.04,74.05,5.31,9.54
2024-04-18 13:19:20,14.44,97.14,82.70,24.63,74.85,5.36,11.82
2024-04-18 14:18:29,12.21,85.17,72.97,24.31,75.26,5.72,12.24
2024-04-18 15:19:01,10.89,83.69,72.81,27.85,89.82,5.31,10.93
2024-04-18 16:19:16,11.56,92.93,81.37,21.86,77.02,5.39,9.59
2024-04-18 17:18:18,11.76,82.89,71.13,20.24,74.39,5.73,10.07
2024-04-18 19:18:55,13.95,106.75,92.79,33.72,90.99,5.37,13.65
2024-04-18 22:18:42,12.54,93.61,81.07,23.46,74.50,6.65,11.82
2024-04-18 23:18:46,11.35,85.73,74.39,20.25,77.73,5.34,9.68
2024-04-19 00:30:59,10.31,88.94,78.64,20.80,74.52,5.31,9.65
2024-04-19 01:38:10,11.76,115.73,103.97,21.12,74.12,5.30,9.33
2024-04-19 02:24:06,14.02,103.12,89.11,23.49,74.82,5.34,12.00
2024-04-19 03:18:54,11.75,91.97,80.21,19.91,74.65,5.35,10.20
2024-04-19 07:20:04,12.06,84.99,72.92,20.36,74.62,77.83,9.50
2024-04-19 08:19:07,10.21,81.24,71.03,21.35,75.20,5.31,9.68
2024-04-19 14:19:06,12.31,90.83,78.52,24.45,74.60,5.31,9.68
2024-04-19 15:18:36,9.97,81.64,71.67,19.34,74.29,5.45,9.65
2024-04-19 16:20:26,10.11,88.93,78.82,20.15,78.43,77.86,9.80
2024-04-19 17:18:39,13.65,98.57,84.92,22.23,74.36,5.28,9.63
2024-04-19 18:19:11,11.31,83.77,72.46,22.61,74.47,5.43,10.12
2024-04-19 19:18:07,10.57,93.24,82.67,20.94,76.06,5.30,9.41
2024-04-19 20:20:28,12.58,109.10,96.52,24.11,74.85,77.86,11.91
2024-04-19 21:19:39,11.71,86.37,74.66,20.73,75.02,77.85,9.40
2024-04-19 22:18:50,13.48,94.11,80.63,20.33,74.37,5.40,9.88
2024-04-19 23:19:22,12.51,97.20,84.69,23.79,74.78,5.28,11.20
2024-04-20 00:30:20,11.66,92.10,80.44,20.45,74.44,5.32,9.65
2024-04-20 01:37:23,12.45,100.33,87.88,19.87,74.16,5.33,9.40
2024-04-20 04:20:22,13.26,93.04,79.77,20.71,74.68,5.31,9.66
2024-04-20 10:18:40,11.60,76.99,65.39,20.24,74.33,5.63,9.74
2024-04-20 11:17:41,10.83,90.35,79.51,19.64,74.49,5.33,9.89
2024-04-20 12:20:14,14.31,97.61,83.30,19.79,74.79,5.36,10.11
2024-04-20 13:18:55,10.42,82.59,72.17,19.37,75.34,5.35,9.35
2024-04-20 16:19:54,10.88,104.97,94.09,28.94,85.20,5.32,9.61
2024-04-20 17:18:42,14.05,95.56,81.51,21.05,74.99,5.32,9.97
2024-04-20 18:19:05,10.12,81.40,71.28,19.88,75.28,5.32,9.55
2024-04-20 19:18:09,10.85,86.45,75.60,20.73,74.59,5.32,9.93
2024-04-20 21:18:40,12.67,99.98,87.31,22.47,83.24,5.32,9.56
2024-04-21 00:34:16,11.42,75.32,63.90,20.11,74.55,76.71,9.43
2024-04-21 01:41:00,11.05,88.79,77.74,20.48,74.79,5.31,10.07
2024-04-21 02:24:05,11.39,86.61,75.23,22.48,74.98,5.30,9.66
2024-04-21 03:18:41,11.43,80.83,69.40,20.87,75.72,5.37,9.45
2024-04-21 04:19:24,12.00,92.18,80.18,20.98,74.45,5.35,9.48
2024-04-21 05:18:49,12.42,90.20,77.78,22.56,77.94,5.34,10.62
2024-04-21 08:19:08,11.74,86.04,74.30,20.74,74.72,5.34,9.58
2024-04-21 09:19:42,10.30,99.16,88.86,22.35,81.21,5.32,9.46
2024-04-21 12:21:16,12.88,93.32,80.44,25.13,75.05,77.82,11.39
2024-04-21 15:19:22,11.39,119.79,108.40,21.91,79.90,5.40,9.50
2024-04-21 18:25:14,11.92,91.70,79.78,22.75,76.81,77.95,9.57
2024-04-21 21:19:13,12.84,110.37,97.53,23.69,77.13,5.37,11.77
2024-04-21 22:18:50,12.90,100.36,87.47,23.52,76.52,5.33,12.10
2024-04-22 01:39:39,11.53,86.47,74.93,19.82,74.60,5.35,9.59
2024-04-22 02:23:43,11.00,88.12,77.12,20.60,74.50,5.32,9.58
2024-04-22 03:18:44,10.77,83.15,72.38,20.94,75.25,5.61,9.66
2024-04-22 04:19:15,12.24,88.77,76.53,21.15,74.60,5.33,9.70
2024-04-22 05:18:48,12.92,86.97,74.05,20.05,74.91,5.33,9.64
2024-04-22 07:18:36,12.18,80.72,68.54,21.06,74.72,5.32,9.73
2024-04-22 09:18:51,10.53,79.97,69.45,22.11,74.82,5.33,9.64
2024-04-22 10:19:23,12.40,93.43,81.03,24.57,74.92,6.00,11.70
2024-04-22 11:19:03,11.17,105.06,93.89,25.83,91.32,5.32,11.82
2024-04-22 12:20:40,12.91,104.20,91.29,24.04,75.06,5.34,11.80
2024-04-22 13:18:48,11.03,84.84,73.82,19.91,75.11,5.40,9.66
2024-04-22 14:18:45,11.90,93.00,81.10,20.71,75.14,5.36,10.09
2024-04-22 15:19:14,12.74,100.44,87.70,23.48,75.74,5.37,11.90
2024-04-22 16:20:23,12.46,113.51,101.04,27.53,106.16,5.37,10.98
2024-04-22 17:18:21,12.64,85.51,72.87,20.72,75.52,5.31,9.65
2024-04-22 18:19:45,11.56,82.29,70.73,23.54,76.51,5.76,10.15
2024-04-22 20:19:10,13.53,103.02,89.48,24.79,75.18,5.40,12.01
2024-04-22 21:18:23,11.43,81.13,69.71,21.00,75.23,5.72,9.57
2024-04-22 22:18:52,11.40,87.55,76.15,21.75,74.46,5.33,9.79
2024-04-22 23:19:06,11.89,107.62,95.72,23.55,74.96,5.36,11.95
2024-04-23 00:31:28,12.11,91.71,79.60,20.59,75.05,5.35,9.63
2024-04-23 05:18:33,10.46,80.86,70.40,20.73,75.33,5.32,9.67
2024-04-23 07:18:51,12.14,108.47,96.32,19.97,75.31,5.37,9.53
2024-04-23 08:20:04,13.07,98.79,85.71,26.83,87.96,5.36,11.76
2024-04-23 09:18:37,11.84,80.73,68.89,20.38,77.96,5.61,9.65
2024-04-23 13:18:49,11.50,88.05,76.55,20.43,75.87,5.34,9.62
2024-04-23 14:18:41,11.77,90.50,78.72,20.36,76.53,5.32,9.57
2024-04-23 15:18:51,12.44,87.79,75.35,23.96,76.82,5.78,11.97
2024-04-23 16:19:02,10.14,84.26,74.12,19.76,75.95,5.29,9.38
2024-04-23 17:19:43,17.71,104.05,86.34,22.88,76.71,5.32,10.10
2024-04-23 20:19:16,12.15,113.07,100.92,20.91,76.77,5.35,9.65
2024-04-23 21:19:14,19.33,104.67,85.34,21.64,75.66,5.34,9.62
2024-04-24 00:31:17,13.67,87.39,73.72,20.89,75.43,5.35,9.56
2024-04-24 01:39:24,10.83,92.08,81.25,21.52,75.59,5.89,9.78
2024-04-24 02:23:41,13.83,106.55,92.72,25.85,76.56,5.36,13.49
2024-04-24 03:19:12,11.61,88.73,77.12,20.05,75.68,5.32,9.59
2024-04-24 04:19:13,10.24,86.34,76.10,22.62,82.87,5.39,9.59
2024-04-24 08:21:09,21.54,106.36,84.82,22.83,76.37,5.84,9.65
2024-04-24 09:19:39,15.21,91.20,75.98,23.77,77.03,5.88,10.07
2024-04-24 10:19:52,14.77,107.45,92.68,26.13,76.80,5.40,11.96
2024-04-24 11:18:25,10.51,91.67,81.16,19.56,75.78,5.38,9.62
2024-04-24 14:18:54,11.93,90.13,78.19,20.65,78.62,5.34,10.08
2024-04-24 18:19:19,11.80,90.25,78.45,23.43,79.85,5.40,9.49
2024-04-24 23:20:52,11.65,99.87,88.22,20.68,76.78,77.96,9.62
2024-04-25 00:32:39,11.31,87.29,75.97,22.53,76.37,5.33,9.58
2024-04-25 09:19:40,14.41,106.32,91.91,25.99,88.01,5.32,10.07
2024-04-25 10:20:18,11.01,88.46,77.45,25.83,95.22,76.81,9.61
2024-04-25 11:20:07,11.28,98.36,87.07,25.20,83.57,77.93,9.67
2024-04-25 12:21:54,10.99,100.22,89.23,29.18,101.39,76.88,9.77
2024-04-26 03:19:45,11.39,101.92,90.53,26.80,97.01,5.44,9.72
2024-04-26 06:21:02,10.96,85.98,75.02,24.50,92.52,76.55,9.71
2024-04-26 08:21:23,13.30,97.18,83.88,24.98,97.38,76.90,10.24
2024-04-26 11:19:48,10.74,86.23,75.49,28.25,93.15,76.30,9.62
2024-04-26 12:21:49,10.97,99.27,88.30,28.34,98.22,76.88,10.46
2024-04-26 18:21:31,12.13,105.84,93.71,35.23,109.23,77.95,9.89
2024-04-27 19:14:58,10.58,89.64,79.06,24.21,77.76,5.34,10.08
2024-04-28 06:16:06,11.74,90.52,78.78,20.73,92.09,5.31,10.20
2024-04-28 07:15:05,10.96,81.48,70.52,23.21,78.95,5.33,9.47
2024-04-28 08:16:57,12.27,84.99,72.71,23.72,92.87,5.91,9.75
2024-04-28 09:17:32,13.30,105.27,91.97,27.96,86.91,76.81,10.15
2024-04-29 16:19:38,14.13,103.90,89.78,24.60,75.31,5.43,11.38
2024-04-29 17:18:34,12.79,103.28,90.49,21.57,74.89,5.37,9.73
2024-04-29 18:19:49,13.61,98.35,84.74,21.16,75.77,5.35,9.60
2024-04-29 19:18:30,15.44,107.86,92.42,24.30,75.44,5.38,11.98
2024-04-29 20:19:25,13.60,98.60,84.99,20.89,76.16,5.36,9.74
2024-04-29 21:18:50,10.91,87.58,76.67,20.21,75.98,5.34,9.58
2024-04-29 22:18:29,10.30,90.43,80.12,20.44,75.89,5.33,9.94
2024-04-29 23:18:58,13.19,104.96,91.77,23.88,76.66,5.35,12.22
2024-04-30 00:30:30,12.07,81.84,69.77,21.15,75.37,5.39,10.03
2024-04-30 01:37:47,11.94,77.71,65.77,19.83,75.65,5.31,9.61
2024-04-30 02:23:01,12.49,96.56,84.07,20.73,75.12,5.37,9.49
2024-04-30 03:19:17,12.47,101.11,88.64,24.33,75.57,5.35,12.00
2024-04-30 04:20:27,13.14,90.21,77.06,20.28,76.05,77.94,9.65
2024-04-30 05:18:32,11.52,86.91,75.39,20.73,76.07,5.34,9.67
2024-04-30 07:19:29,11.72,102.96,91.24,29.77,91.22,5.42,9.57
2024-04-30 08:19:22,12.15,90.82,78.67,20.64,75.20,5.35,9.60
2024-04-30 10:18:57,11.14,86.16,75.02,20.10,74.48,5.34,9.63
2024-04-30 11:18:42,10.42,101.95,91.53,20.72,74.59,5.97,9.64
2024-04-30 12:21:12,16.43,108.17,91.74,28.71,86.59,5.36,9.76
2024-04-30 13:18:42,10.90,86.47,75.56,21.06,74.29,5.33,9.62
2024-04-30 16:19:58,16.27,104.39,88.12,23.78,74.74,5.34,11.77
2024-04-30 17:18:15,11.77,88.83,77.07,20.27,74.29,5.32,9.64
2024-04-30 18:20:02,11.52,86.71,75.18,20.31,74.27,5.35,9.63
2024-04-30 19:18:01,12.74,96.85,84.11,20.57,74.03,5.32,9.76
2024-04-30 20:18:53,11.83,93.32,81.49,20.41,74.61,5.31,9.63
2024-04-30 21:18:56,15.51,91.71,76.20,23.64,74.37,5.36,11.45
2024-04-30 22:18:53,12.93,101.45,88.52,23.68,75.41,5.40,11.73
2024-04-30 23:18:20,12.36,78.64,66.28,19.73,74.80,5.41,9.52
2024-05-01 00:34:28,14.90,93.94,79.03,21.15,74.86,5.33,9.72
2024-05-01 01:42:48,12.98,97.65,84.67,23.20,75.21,5.34,11.57
2024-05-01 02:26:30,13.68,97.31,83.63,21.59,74.68,5.34,9.77
2024-05-01 03:19:00,13.08,86.96,73.88,21.04,74.86,5.33,9.58
2024-05-01 04:19:03,12.80,81.92,69.12,19.61,74.83,5.36,9.57
2024-05-01 05:18:29,10.61,91.07,80.45,19.64,74.82,5.33,9.45
2024-05-01 07:19:18,13.32,85.65,72.33,19.92,74.92,5.34,9.60
2024-05-01 08:20:03,12.40,80.92,68.52,19.44,75.28,5.35,9.79
2024-05-01 09:19:59,12.05,99.63,87.58,23.52,75.40,5.38,11.32
2024-05-01 10:18:57,13.92,89.59,75.67,20.60,75.35,5.39,9.55
2024-05-01 11:17:52,10.80,76.65,65.85,20.13,77.29,5.45,9.45
2024-05-01 12:21:26,16.09,101.91,85.82,24.26,74.70,5.40,11.54
2024-05-01 13:19:14,14.29,97.32,83.03,24.71,74.61,5.36,11.86
2024-05-01 14:20:26,12.65,94.20,81.55,21.23,75.00,78.06,9.49
2024-05-01 15:20:01,11.53,84.91,73.38,19.07,73.43,77.95,10.07
2024-05-01 18:21:10,15.76,102.23,86.46,23.67,76.03,77.95,11.72
2024-05-01 19:19:55,11.75,92.40,80.64,20.79,75.91,77.99,9.73
2024-05-02 00:32:34,11.77,103.53,91.76,23.23,76.81,77.95,12.30
2024-05-02 05:20:09,10.91,82.13,71.22,20.91,76.12,77.96,10.21
2024-05-02 09:20:14,10.65,85.89,75.25,24.55,76.72,77.96,10.12
2024-05-02 10:20:22,10.72,87.82,77.10,20.08,77.24,78.01,10.26
2024-05-02 11:19:43,10.57,77.13,66.56,19.85,80.75,78.01,10.97
2024-05-02 12:21:18,10.76,88.50,77.73,22.23,78.15,77.95,9.34
2024-05-02 13:20:36,13.60,97.63,84.03,23.48,77.33,77.98,12.04
2024-05-02 14:19:57,10.68,93.44,82.76,19.38,76.19,78.21,10.43
2024-05-02 17:20:10,13.06,99.33,86.27,20.65,76.50,77.97,10.08
2024-05-02 18:20:34,10.55,91.18,80.63,20.70,76.33,77.96,10.16
2024-05-02 21:19:46,12.16,86.71,74.56,20.26,76.61,77.99,10.22
2024-05-02 22:20:12,11.89,93.60,81.71,24.51,77.21,77.98,11.26
2024-05-02 23:20:23,11.31,85.35,74.04,20.60,76.30,77.96,10.21
2024-05-03 00:32:28,11.04,87.02,75.99,20.76,76.90,78.00,10.46
2024-05-03 01:41:43,12.75,94.04,81.29,19.78,75.70,77.94,10.49
2024-05-03 02:26:08,12.68,87.25,74.57,20.50,74.44,77.94,10.06
2024-05-03 03:20:20,11.68,80.95,69.27,20.39,75.45,77.92,10.10
2024-05-03 08:21:14,13.33,100.53,87.20,23.59,76.25,78.07,11.97
2024-05-03 11:19:31,13.18,88.43,75.26,23.00,74.50,77.97,9.64
2024-05-03 12:21:18,12.82,91.34,78.52,20.97,74.85,77.97,9.94
2024-05-03 15:19:53,11.19,80.04,68.84,19.76,74.42,77.96,10.68
2024-05-03 16:21:03,13.78,96.14,82.37,22.66,73.77,77.97,11.69
2024-05-03 22:20:18,13.77,101.45,87.68,20.34,75.81,77.92,9.75
2024-05-03 23:19:46,10.92,83.75,72.83,19.57,73.34,77.95,9.59
2024-05-04 04:20:51,12.45,84.18,71.73,20.48,74.87,78.02,9.68
2024-05-04 07:19:51,10.82,87.47,76.64,19.47,73.53,77.92,9.61
2024-05-04 10:20:02,13.46,90.71,77.25,20.68,75.86,78.11,10.10
2024-05-04 11:19:14,10.27,86.64,76.37,21.07,75.89,77.96,10.14
2024-05-04 12:21:19,12.68,91.15,78.47,21.24,75.75,77.99,10.45
2024-05-04 15:20:00,11.49,96.92,85.44,20.54,76.00,77.96,10.35
2024-05-04 16:20:51,12.42,100.52,88.10,23.89,76.28,77.94,12.13
2024-05-04 17:19:42,12.96,86.87,73.91,21.20,75.56,78.08,10.05
2024-05-04 18:20:18,11.57,86.22,74.65,20.48,75.44,77.96,10.14
2024-05-04 19:19:38,12.41,100.14,87.72,20.38,74.91,77.89,10.30
2024-05-04 20:20:33,14.58,101.48,86.90,23.97,75.83,78.00,12.31
2024-05-04 23:20:19,14.16,92.39,78.23,20.50,75.67,78.02,10.22
2024-05-05 04:20:34,11.70,95.52,83.82,20.65,75.80,77.99,10.18
2024-05-05 05:19:25,11.31,76.97,65.66,19.91,75.69,77.93,10.11
2024-05-05 07:19:30,12.85,83.83,70.98,23.16,76.05,77.98,12.34
2024-05-05 08:20:40,13.25,100.15,86.89,24.38,76.51,77.95,11.97
2024-05-05 09:20:07,12.28,82.75,70.46,20.81,76.06,77.93,10.11
2024-05-05 12:21:47,14.67,109.78,95.10,23.20,76.23,77.95,12.49
2024-05-05 13:19:57,12.19,87.40,75.21,20.13,75.76,77.96,9.48
2024-05-05 15:20:06,12.67,85.21,72.55,20.65,76.12,77.97,9.87
2024-05-05 18:20:27,13.46,83.59,70.13,20.91,74.82,78.00,9.60
2024-05-05 19:20:05,13.33,103.84,90.51,23.26,75.38,77.93,11.67
2024-05-05 20:20:26,14.73,98.45,83.72,20.73,73.36,78.05,9.62
2024-05-05 21:19:47,12.31,86.65,74.34,20.05,73.29,78.01,9.57
2024-05-05 22:20:09,12.23,96.07,83.84,19.64,73.27,77.91,9.61
2024-05-05 23:19:44,12.52,83.38,70.86,20.64,73.77,77.99,9.70
2024-05-06 04:20:59,13.22,95.04,81.82,24.48,75.80,77.98,11.97
2024-05-06 05:20:12,12.86,84.05,71.19,21.17,75.52,78.05,9.57
2024-05-06 07:20:12,13.42,98.27,84.84,20.46,75.93,78.04,9.72
2024-05-06 08:20:40,11.66,80.36,68.71,19.91,75.85,77.99,10.14
2024-05-06 09:20:38,13.31,104.06,90.75,23.09,76.16,77.92,11.41
2024-05-06 10:20:11,11.98,79.37,67.39,19.59,75.56,77.94,10.18
2024-05-06 12:21:03,11.13,77.06,65.93,21.65,75.20,77.99,11.48
2024-05-06 13:21:50,12.27,112.16,99.89,27.62,114.40,77.93,16.84
2024-05-06 14:19:59,12.11,86.38,74.27,19.94,75.89,77.99,9.46
2024-05-06 19:19:48,13.22,95.96,82.74,20.76,76.40,77.94,10.57
2024-05-06 20:20:27,12.36,94.36,82.00,22.86,90.47,78.00,12.22
2024-05-07 01:40:35,12.19,80.24,68.06,19.81,76.79,77.93,11.22
2024-05-07 04:20:46,12.08,80.69,68.61,19.80,76.97,77.96,10.40
2024-05-07 05:21:01,13.47,117.73,104.26,24.14,76.56,77.96,12.51
2024-05-07 07:21:05,10.74,84.94,74.21,19.69,76.52,77.96,10.68
2024-05-07 08:20:48,13.18,87.89,74.71,21.64,76.23,77.94,10.32
2024-05-07 09:21:05,12.23,86.38,74.15,24.33,78.14,78.03,9.98
2024-05-07 10:21:14,13.06,97.16,84.10,29.24,97.98,77.99,14.14
2024-05-07 11:20:49,13.49,106.36,92.87,33.53,93.24,77.98,15.67
2024-05-07 12:22:08,13.54,97.52,83.98,30.86,92.20,77.96,12.64
2024-05-07 15:20:10,12.84,97.62,84.78,24.42,75.92,78.00,12.00
2024-05-07 21:19:42,13.41,88.79,75.38,22.54,73.78,78.04,11.54
2024-05-07 22:20:19,12.72,93.49,80.77,22.42,73.65,77.99,11.75
2024-05-08 09:20:11,12.75,93.76,81.01,23.47,73.41,77.97,10.05
2024-05-08 10:20:00,11.57,81.97,70.41,19.42,75.68,78.00,9.64
2024-05-08 11:19:42,10.82,82.11,71.29,20.66,74.75,78.00,10.24
2024-05-08 12:22:01,12.23,110.21,97.98,20.46,76.52,77.97,10.14
2024-05-08 23:20:10,11.97,86.82,74.85,20.99,74.22,77.94,9.50
2024-05-09 00:32:18,10.82,84.29,73.47,20.55,74.52,77.96,9.62
2024-05-09 03:20:55,14.67,105.02,90.34,24.13,75.11,78.02,10.93
2024-05-09 04:21:03,11.98,83.59,71.61,19.66,74.56,77.98,9.46
2024-05-09 17:19:31,11.74,86.74,75.00,22.87,73.34,77.92,9.86
2024-05-09 20:19:52,11.22,85.11,73.89,20.59,73.39,77.95,9.49
2024-05-09 21:20:51,14.83,102.81,87.98,20.87,73.34,77.99,9.55
2024-05-10 07:20:42,13.84,98.18,84.34,22.93,73.65,78.07,11.68
2024-05-10 08:21:31,14.48,126.13,111.65,24.14,73.73,78.02,11.66
2024-05-10 09:20:35,13.90,95.82,81.91,20.49,73.32,77.95,9.50
2024-05-10 14:19:29,11.45,87.07,75.62,19.71,73.37,78.00,9.79
2024-05-10 15:20:41,13.69,95.06,81.37,20.42,73.44,78.06,9.47
2024-05-10 16:20:50,11.43,88.35,76.93,19.83,73.32,77.92,9.58
2024-05-11 07:20:22,14.75,101.23,86.48,22.84,73.70,77.98,12.05
2024-05-11 10:19:43,10.99,82.85,71.86,19.65,73.35,77.96,9.47
2024-05-11 11:19:08,10.72,79.30,68.58,20.63,73.42,77.96,9.42
2024-05-11 12:21:12,14.49,94.74,80.25,22.49,73.69,77.93,11.06
2024-05-11 17:19:42,11.01,91.98,80.97,20.15,73.33,77.93,9.57
2024-05-11 18:20:31,11.89,91.30,79.41,19.66,73.35,77.99,9.60
2024-05-11 23:19:56,11.14,78.23,67.09,19.91,73.32,77.93,9.62
2024-05-12 08:20:55,11.54,108.86,97.33,19.50,73.35,77.91,10.83
2024-05-12 09:20:09,13.06,78.84,65.78,24.36,73.29,78.02,9.97
2024-05-12 10:19:51,12.55,82.38,69.83,20.75,73.31,77.94,9.97
2024-05-13 09:19:07,12.03,95.79,83.76,22.98,77.20,77.93,9.55
2024-05-13 10:19:00,13.97,88.40,74.43,19.44,73.86,78.01,9.48
2024-05-13 11:18:20,11.13,91.70,80.58,20.56,73.39,78.00,12.78
2024-05-13 12:19:51,10.44,87.64,77.21,20.47,73.34,77.93,9.91
2024-05-13 13:19:15,11.73,92.48,80.75,19.45,73.56,78.00,10.28
2024-05-13 16:19:24,10.79,83.96,73.17,20.02,73.91,77.99,10.22
2024-05-13 23:18:53,11.08,90.67,79.59,19.50,73.33,77.94,9.69
2024-05-14 04:18:59,11.22,89.94,78.72,20.65,73.28,77.96,10.12
2024-05-14 07:18:47,11.05,84.57,73.52,25.45,73.32,77.97,9.52
2024-05-14 14:18:34,10.80,90.11,79.31,19.33,73.86,77.98,9.62
2024-05-14 16:19:39,11.98,89.50,77.51,20.18,73.81,78.03,9.53
2024-05-14 17:18:37,13.31,103.67,90.36,22.51,74.35,77.96,11.60
2024-05-14 18:19:57,12.91,106.19,93.29,20.28,73.87,78.01,9.53
2024-05-14 19:18:00,11.27,84.11,72.84,22.18,73.42,77.98,10.77
2024-05-14 22:18:47,13.05,84.41,71.37,20.55,73.32,78.03,9.79
2024-05-14 23:18:27,11.01,82.75,71.74,19.53,73.28,77.94,9.55
2024-05-15 00:33:19,13.41,106.65,93.23,22.86,73.73,78.00,11.90
2024-05-15 01:41:47,12.47,77.87,65.40,20.08,73.33,77.96,10.16
2024-05-15 04:19:29,10.68,88.92,78.25,19.60,73.34,78.01,9.67
2024-05-15 05:18:38,11.37,80.49,69.12,19.29,73.52,77.95,9.54
2024-05-15 06:19:03,11.34,76.69,65.35,19.36,73.69,78.02,9.56
2024-05-15 07:18:46,11.57,82.81,71.24,20.02,73.90,77.97,18.11
2024-05-15 20:19:29,13.44,98.69,85.25,20.59,73.30,78.00,10.01
2024-05-16 07:18:10,11.76,84.11,72.34,21.16,73.35,77.93,10.13
2024-05-16 08:18:42,11.97,78.89,66.92,19.18,73.32,77.90,9.67
2024-05-16 14:19:10,13.96,92.68,78.71,29.55,73.86,77.96,11.82
2024-05-16 17:18:43,10.85,88.54,77.70,20.40,73.41,78.04,10.19
2024-05-16 18:19:16,12.28,85.23,72.95,19.86,73.40,77.95,9.52
2024-05-16 19:18:02,12.17,88.42,76.25,20.29,73.43,78.02,9.47
2024-05-17 00:33:56,13.82,108.77,94.96,23.10,73.67,78.04,12.14
2024-05-17 11:18:40,11.95,90.69,78.74,21.21,73.64,77.95,15.08
2024-05-17 14:19:13,12.61,97.60,84.99,19.32,73.36,77.93,10.30
2024-05-17 17:18:56,13.94,103.03,89.09,23.64,74.28,77.92,12.95
2024-05-17 22:18:53,11.95,93.88,81.93,21.01,73.45,77.99,10.34
2024-05-18 03:19:32,14.10,85.93,71.83,20.14,73.26,77.91,10.03
2024-05-18 04:19:02,11.43,89.87,78.44,23.57,73.28,77.89,10.06
2024-05-18 05:18:35,14.42,81.45,67.03,20.89,73.35,78.00,10.14
2024-05-18 09:19:01,11.76,82.90,71.14,21.05,73.32,77.87,10.17
2024-05-18 12:20:07,13.27,92.19,78.93,23.39,73.69,77.93,11.75
2024-05-18 17:18:33,15.71,94.16,78.45,21.15,73.92,78.00,10.38
2024-05-18 20:19:13,13.19,106.31,93.12,21.85,73.69,77.91,12.49
2024-05-18 21:18:07,11.26,81.09,69.83,20.29,73.28,77.91,10.25
2024-05-18 22:18:18,11.08,86.43,75.35,20.52,73.35,77.95,10.22
2024-05-18 23:18:24,11.49,83.57,72.08,21.01,73.57,77.91,10.60
2024-05-19 00:35:35,14.10,103.77,89.67,22.62,73.63,77.95,12.28
2024-05-19 01:44:13,14.05,83.59,69.54,20.72,73.47,77.98,10.22
2024-05-19 02:27:56,14.50,89.29,74.78,21.54,73.33,77.92,10.13
2024-05-19 09:19:11,12.59,85.46,72.87,21.02,73.30,77.93,9.64
2024-05-19 12:20:23,17.59,95.12,77.52,25.71,73.27,77.96,10.49
2024-05-19 14:18:47,14.13,104.93,90.80,22.47,73.62,77.88,12.31
2024-05-19 15:19:28,15.82,97.92,82.10,21.85,73.26,77.98,10.33
2024-05-19 16:19:17,12.93,96.35,83.42,20.85,73.41,78.00,10.80
2024-05-19 19:17:46,11.22,85.57,74.35,19.72,73.28,77.89,10.22
2024-05-19 20:18:45,11.68,91.22,79.54,20.08,73.33,78.00,9.65
2024-05-19 23:18:56,12.20,79.89,67.69,19.46,73.33,77.91,9.63
2024-05-20 01:41:46,13.93,93.75,79.82,20.66,73.30,77.95,10.15
2024-05-20 02:28:04,14.75,104.54,89.79,22.94,74.02,78.01,12.40
2024-05-20 03:19:21,15.43,93.92,78.48,19.61,73.35,77.94,10.35
2024-05-20 04:19:21,10.89,88.70,77.81,20.57,73.30,77.89,10.19
2024-05-20 09:20:27,14.74,93.80,79.06,24.02,73.68,77.96,12.11
2024-05-20 10:18:53,12.58,84.53,71.94,19.64,73.32,77.92,10.13
2024-05-20 11:18:32,11.67,91.71,80.04,19.31,76.13,77.94,9.66
2024-05-20 16:19:29,12.31,89.26,76.95,19.18,73.35,77.91,9.45
2024-05-20 17:19:10,11.75,94.26,82.52,21.64,73.29,77.96,9.55
2024-05-20 20:18:56,13.59,97.81,84.22,22.27,73.58,77.87,11.39
2024-05-21 05:19:36,15.93,105.28,89.35,22.86,73.61,77.99,12.94
2024-05-21 06:20:16,13.84,120.42,106.58,22.37,74.11,77.96,15.39
2024-05-21 07:18:18,10.65,74.87,64.22,20.08,73.32,77.96,9.38
2024-05-21 08:19:33,11.50,85.43,73.94,19.40,73.35,77.95,9.53
2024-05-21 09:19:23,14.71,95.94,81.23,23.94,73.86,77.95,11.72
2024-05-21 14:18:33,10.84,84.32,73.48,20.47,73.33,77.85,9.48
2024-05-21 15:19:03,12.04,101.54,89.50,20.63,73.47,77.96,9.52
2024-05-21 16:19:08,12.23,87.14,74.91,19.54,73.48,77.98,9.54
2024-05-21 17:19:00,12.93,98.38,85.46,25.41,79.08,77.89,16.38
2024-05-21 19:19:38,14.15,97.07,82.92,22.47,73.70,78.05,11.90
2024-05-21 20:19:37,13.57,92.56,78.99,19.65,73.35,78.00,9.42
2024-05-21 21:19:07,14.06,94.04,79.99,21.07,73.33,77.90,9.45
2024-05-21 22:18:44,12.94,98.40,85.47,23.59,73.74,77.86,11.62
2024-05-21 23:19:32,14.44,91.03,76.58,23.38,73.74,77.92,12.18
2024-05-22 00:32:57,13.50,101.64,88.13,22.71,73.69,77.91,11.95
2024-05-22 05:20:04,14.06,94.67,80.61,21.26,73.38,77.98,10.11
2024-05-22 09:19:53,11.48,87.68,76.20,24.74,78.59,77.88,9.39
2024-05-22 10:18:57,12.11,91.92,79.81,21.55,73.32,77.98,9.69
2024-05-22 15:19:04,12.18,87.56,75.39,21.08,73.30,77.95,9.46
2024-05-31 09:21:05,19.38,115.24,95.86,26.07,260.20,-41.33,11.80
2024-05-31 14:20:09,16.96,99.84,82.89,21.33,255.11,-41.91,10.62
2024-05-31 15:20:22,15.13,87.31,72.18,21.53,255.45,-41.81,11.77
2024-05-31 20:19:32,14.58,89.39,74.81,21.03,255.02,-41.78,10.76
2024-05-31 21:19:41,16.27,98.24,81.97,23.64,255.14,-41.29,11.45
2024-06-04 17:17:31,18.99,101.95,82.95,24.89,78.77,78.67,11.75
2024-06-05 02:26:36,15.43,97.52,82.09,22.40,77.97,78.59,9.68
2024-06-05 05:17:39,15.88,92.58,76.70,21.39,77.88,78.00,9.97
2024-06-05 06:18:22,15.84,87.96,72.12,21.59,77.59,78.55,9.68
2024-06-05 07:17:19,15.39,91.77,76.38,21.46,77.91,78.66,9.55
2024-06-05 09:18:39,15.37,86.54,71.17,21.44,78.17,78.60,9.72
2024-06-05 10:18:24,21.22,108.09,86.87,26.28,79.07,78.75,11.86
2024-06-05 17:17:52,17.78,98.03,80.25,22.04,78.49,78.59,9.40
2024-06-06 07:19:46,16.53,88.02,71.49,21.62,77.79,197.63,9.32
2024-06-06 10:21:55,18.50,98.95,80.45,24.78,78.34,317.75,12.30
2024-06-06 11:21:40,19.41,109.79,90.37,25.00,78.78,317.75,11.72
2024-06-06 13:21:46,17.17,111.24,94.08,21.74,77.93,259.45,9.46
2024-06-06 15:21:11,16.47,99.06,82.59,22.38,77.74,259.48,9.63
2024-06-06 16:21:10,15.05,89.23,74.18,21.38,77.61,259.40,9.70
2024-06-06 18:21:38,18.62,110.24,91.61,25.17,78.51,259.72,11.63
2024-06-06 19:21:10,16.89,97.89,81.00,21.46,77.77,259.46,9.51
2024-06-06 20:21:45,16.98,96.94,79.96,21.38,77.87,259.38,9.42
2024-06-06 21:21:46,20.86,109.56,88.70,24.35,78.34,259.87,12.04
2024-06-06 23:21:51,19.76,102.03,82.27,24.13,78.34,259.78,11.53
2024-06-07 00:36:03,20.83,104.72,83.89,25.38,78.36,259.79,11.77
2024-06-07 02:31:07,14.75,89.27,74.53,21.31,77.67,259.22,9.50
2024-06-07 09:21:15,20.34,103.82,83.48,22.24,77.89,259.38,9.43
2024-06-07 10:20:47,15.30,92.39,77.09,22.13,77.59,259.48,9.47
2024-06-07 12:22:39,17.74,104.19,86.45,25.92,78.65,259.75,11.64
2024-06-08 07:20:33,15.72,84.28,68.56,20.95,77.65,259.34,9.44
2024-06-13 07:12:51,16.55,95.20,78.65,21.17,77.61,0.00,10.13
2024-06-13 08:13:26,15.63,91.07,75.43,21.50,77.94,0.00,9.47
2024-06-13 09:13:47,16.35,95.53,79.19,20.97,77.90,0.00,9.59
2024-06-13 10:13:06,15.72,97.29,81.57,20.55,77.51,0.00,9.48
2024-06-13 11:12:54,14.49,80.75,66.26,28.11,78.08,0.00,10.19
2024-06-25 06:18:40,17.97,98.30,80.32,21.67,78.75,187.39,9.70
2024-06-25 07:15:30,16.08,96.76,80.68,20.58,78.63,187.42,9.40
2024-06-25 08:18:52,21.10,100.07,78.97,25.85,78.89,261.45,11.71
2024-06-25 09:15:25,15.62,89.44,73.82,20.40,78.80,187.11,9.50
2024-06-25 10:17:20,21.34,106.77,85.43,24.80,78.83,260.76,11.93
2024-06-25 11:15:22,16.51,96.04,79.52,20.63,78.62,188.30,9.38
2024-06-25 12:19:11,21.09,112.72,91.63,54.53,79.15,188.43,11.95
2024-07-02 10:17:40,16.41,94.02,77.61,21.64,92.53,260.02,9.85
2024-07-02 12:22:24,20.55,118.44,97.89,26.20,196.67,260.60,11.38
2024-07-02 15:17:17,14.40,94.36,79.95,21.28,83.84,259.79,9.43
2024-07-02 16:18:33,15.97,93.50,77.53,21.07,91.83,259.80,9.77
2024-07-02 17:16:24,16.27,101.10,84.83,22.14,91.64,187.01,9.79
2024-07-02 18:17:33,17.28,97.30,80.02,21.28,75.85,259.89,9.68
2024-07-02 19:17:09,16.27,95.39,79.13,20.99,75.60,260.24,9.92
2024-07-02 20:19:16,19.73,163.33,143.60,26.37,93.80,261.11,12.13
2024-07-02 21:17:12,16.22,96.17,79.95,21.22,75.81,260.18,9.92
2024-07-02 22:17:23,17.03,100.54,83.51,23.58,75.95,260.29,12.61
2024-07-02 23:16:12,15.43,91.30,75.87,20.83,75.93,187.70,9.91
2024-07-03 00:35:04,17.66,96.87,79.21,22.04,75.94,260.19,10.17
2024-07-03 01:41:52,15.71,98.19,82.48,22.02,75.89,186.91,11.30
2024-07-03 02:29:32,18.47,96.72,78.25,22.50,92.82,260.24,10.27
2024-07-03 03:16:01,15.85,90.38,74.53,20.81,75.58,187.15,9.48
2024-07-03 04:18:39,16.42,94.43,78.01,20.95,92.45,259.94,9.57
2024-07-03 05:17:55,18.29,110.42,92.13,24.87,93.52,260.16,11.80
2024-07-03 06:18:55,16.05,88.23,72.18,20.89,92.74,259.54,9.36
2024-07-03 07:16:50,14.98,146.54,131.56,20.52,75.25,187.27,9.86
2024-07-04 20:18:26,20.27,119.03,98.76,24.03,105.64,260.89,12.12
2024-07-04 22:17:58,16.93,101.27,84.34,21.49,103.60,259.93,10.24
2024-07-04 23:17:06,18.00,115.98,97.98,21.46,99.54,187.74,10.07
2024-07-05 00:35:22,21.00,96.07,75.07,23.89,104.45,260.53,11.91
2024-07-05 01:42:40,17.20,96.18,78.98,22.12,104.78,187.97,10.03
2024-07-05 02:29:45,18.00,86.72,68.72,21.49,104.61,260.11,9.42
2024-07-05 03:19:46,14.76,92.05,77.29,20.96,101.93,260.15,9.68
2024-07-05 04:18:00,14.36,82.76,68.40,20.50,105.75,260.04,9.44
2024-07-05 05:17:59,15.65,95.37,79.73,21.00,107.21,260.43,9.38
2024-07-05 06:19:11,16.33,95.11,78.79,21.54,103.63,260.42,10.12
2024-07-05 08:16:52,16.41,94.59,78.17,20.52,75.67,187.26,9.85
2024-07-05 09:16:29,16.62,100.26,83.64,22.22,75.58,188.26,10.50
2024-07-05 11:18:56,18.40,106.11,87.71,24.49,177.68,260.22,11.46
2024-07-05 12:21:02,19.00,109.16,90.17,24.08,177.66,260.94,11.68
2024-07-05 15:17:14,14.92,93.91,78.99,21.98,75.50,260.19,9.55
2024-07-05 17:17:05,14.83,91.48,76.65,20.56,75.82,260.09,9.99
2024-07-05 18:17:27,14.75,87.18,72.43,21.52,75.53,259.99,9.55
2024-07-05 19:16:51,15.87,94.12,78.25,22.45,75.56,259.55,9.56
2024-07-05 20:18:26,15.94,90.57,74.63,21.78,75.48,259.69,10.68
2024-07-05 22:19:14,19.04,103.29,84.25,23.64,178.12,260.61,12.35
2024-07-06 00:33:28,14.90,80.50,65.60,20.51,75.41,260.31,9.89
2024-07-06 01:41:00,17.41,103.55,86.14,22.13,75.84,187.72,9.75
2024-07-06 02:29:47,18.97,102.10,83.13,23.94,177.91,260.43,11.13
2024-07-06 03:16:11,15.77,91.96,76.19,21.36,75.15,187.79,10.21
2024-07-06 05:15:55,16.57,84.50,67.93,20.44,75.56,187.56,9.38
2024-07-06 07:15:23,14.96,78.43,63.47,20.24,75.48,187.59,10.62
2024-07-06 08:17:13,16.41,96.58,80.17,20.72,75.47,187.44,9.38
2024-07-06 09:17:23,15.33,93.50,78.17,21.52,75.46,259.62,9.64
2024-07-06 10:19:00,19.16,100.65,81.49,24.45,178.19,260.72,10.74
2024-07-06 11:16:41,15.15,83.98,68.83,21.41,75.53,260.37,9.48
2024-07-06 12:17:58,16.09,89.89,73.79,20.97,75.21,260.18,9.33
2024-07-06 13:17:32,19.87,96.61,76.74,24.72,75.90,260.89,11.19
2024-07-06 14:19:07,20.01,111.77,91.77,25.46,178.09,260.98,11.49
2024-07-06 15:17:11,16.51,88.87,72.36,21.51,75.61,260.42,9.54
2024-07-06 17:16:32,15.21,87.19,71.98,20.79,75.82,260.35,9.93
2024-07-06 18:18:01,19.57,89.99,70.43,20.54,75.46,259.89,9.37
2024-07-06 19:15:24,14.66,85.31,70.65,20.33,75.45,187.84,9.37
2024-07-06 20:16:58,14.96,85.36,70.40,20.32,75.54,259.99,9.50
2024-07-06 23:17:21,16.65,92.00,75.36,20.40,75.82,260.30,9.60
2024-07-07 00:36:27,17.20,89.54,72.34,21.40,75.49,187.08,9.38
2024-07-07 01:44:10,15.27,87.30,72.03,21.23,76.16,260.06,9.50
2024-07-07 02:33:34,18.99,107.68,88.69,25.38,178.14,260.24,11.58
2024-07-07 03:18:13,16.46,98.90,82.44,21.84,75.68,259.86,9.57
2024-07-07 04:17:31,15.61,100.70,85.09,21.43,75.63,260.42,9.55
2024-07-07 05:19:52,18.55,111.15,92.60,24.00,177.51,259.89,11.74
2024-07-07 06:17:29,14.34,87.73,73.39,21.02,75.71,259.73,10.46
2024-07-07 07:17:19,14.77,87.07,72.31,21.88,75.51,260.44,9.51
2024-07-07 08:17:47,16.76,97.08,80.32,21.07,75.75,260.09,9.58
2024-07-07 09:17:28,15.97,91.08,75.11,19.71,75.52,260.35,9.23
2024-07-07 10:16:07,17.73,99.11,81.38,21.51,75.64,187.17,9.33
2024-07-07 11:15:29,15.21,91.72,76.50,20.98,75.61,187.66,9.47
2024-07-07 13:17:10,17.66,95.04,77.38,22.32,76.24,260.12,10.30
2024-07-07 19:20:08,19.85,113.04,93.20,25.16,229.45,260.93,11.41
2024-07-07 20:17:38,15.99,90.77,74.78,22.25,114.92,259.77,10.11
2024-07-07 21:18:02,15.12,98.00,82.88,21.53,114.59,260.27,9.76
2024-07-07 22:17:37,15.79,86.55,70.76,20.69,111.90,260.58,9.49
2024-07-07 23:17:41,16.72,96.51,79.79,21.96,92.17,259.86,10.00
2024-07-08 00:36:44,15.53,80.73,65.20,22.02,112.81,259.55,15.09
2024-07-08 04:19:29,15.70,87.95,72.25,21.56,117.75,259.99,9.57
2024-07-08 05:19:02,19.59,104.33,84.75,25.36,114.88,260.93,11.58
2024-07-08 07:18:42,19.68,110.33,90.66,25.98,118.11,261.11,11.94
2024-07-08 10:19:50,19.18,109.96,90.78,24.57,199.95,260.41,11.60
2024-07-08 18:16:46,16.72,101.74,85.02,22.88,76.28,187.54,9.54
2024-07-08 19:17:29,20.83,113.38,92.55,23.36,75.66,260.75,11.22
2024-07-08 20:17:37,15.43,95.82,80.39,21.75,75.34,260.22,9.91
2024-07-08 21:17:22,14.94,100.09,85.15,21.21,76.49,259.70,9.80
2024-07-08 22:17:28,16.98,90.01,73.04,21.21,76.84,260.02,9.50
2024-07-08 23:15:51,15.31,87.26,71.95,22.11,75.27,187.67,9.55
2024-07-09 00:34:54,17.71,93.82,76.11,21.80,76.16,259.94,10.61
2024-07-09 01:43:49,17.86,95.07,77.22,20.98,76.42,259.73,9.91
2024-07-09 02:30:02,16.01,90.57,74.55,22.45,75.56,259.96,9.43
2024-07-09 03:16:35,15.19,103.25,88.06,22.06,75.53,187.75,9.48
2024-07-09 04:17:21,14.22,89.30,75.08,20.09,75.47,260.29,9.88
2024-07-09 05:18:28,19.73,115.65,95.92,25.35,76.71,260.52,11.75
2024-07-09 06:18:25,19.84,94.74,74.89,24.90,77.03,261.03,12.39
2024-07-09 07:17:37,16.62,98.26,81.63,21.51,76.64,259.83,9.95
2024-07-09 08:17:48,15.81,93.75,77.94,20.64,75.51,259.94,9.39
2024-07-09 09:16:23,16.03,95.25,79.22,21.08,75.56,187.67,9.57
2024-07-09 10:16:41,14.84,124.12,109.27,20.68,77.11,187.83,9.59
2024-07-09 11:18:21,20.44,115.60,95.16,24.10,76.76,260.60,11.61
2024-07-09 12:20:34,16.58,96.42,79.84,21.33,78.30,260.55,9.35
2024-07-09 13:17:28,16.80,96.80,79.99,22.21,76.66,188.08,9.40
2024-07-09 15:17:15,16.40,92.70,76.30,22.33,76.53,260.78,10.43
2024-07-09 16:19:01,23.58,127.64,104.06,25.84,78.85,261.10,12.88
2024-07-09 17:16:20,17.23,102.94,85.71,21.08,83.10,187.05,10.04
2024-07-10 01:44:36,19.31,111.14,91.84,29.53,86.71,260.90,15.32
2024-07-10 02:32:39,18.20,109.50,91.30,25.75,209.23,261.25,15.11
2024-07-10 03:17:53,15.56,94.26,78.70,24.72,80.65,260.47,12.72
2024-07-10 04:20:04,17.48,146.12,128.65,23.76,88.06,260.01,12.36
2024-07-10 05:17:41,15.77,91.00,75.23,22.87,87.57,259.89,11.92
2024-07-10 06:16:40,16.58,95.87,79.28,22.47,75.54,188.30,10.17
2024-07-10 07:17:21,14.85,98.26,83.41,23.92,76.67,260.27,9.34
2024-07-10 10:17:21,14.87,86.04,71.17,26.51,76.03,260.66,9.54
2024-07-10 14:17:57,19.97,115.36,95.39,36.09,80.72,260.33,12.67
2024-07-10 15:18:30,21.00,117.20,96.20,26.17,75.96,260.79,11.54
2024-07-10 16:17:36,15.92,93.38,77.46,21.56,76.73,259.90,9.47
2024-07-10 17:16:55,16.86,92.41,75.56,21.20,76.36,259.91,9.32
2024-07-10 20:17:28,17.47,95.19,77.72,21.38,76.39,260.40,9.78
2024-07-10 21:17:33,20.42,100.04,79.62,25.71,77.09,261.53,11.22
2024-07-10 23:17:19,14.57,107.05,92.47,20.86,76.24,260.36,9.36
2024-07-11 01:44:23,20.16,108.18,88.02,25.08,76.10,260.51,11.65
2024-07-11 02:31:10,26.53,107.50,80.97,25.08,76.13,260.93,11.31
2024-07-11 04:18:26,15.52,88.04,72.52,21.52,75.60,260.35,9.95
2024-07-11 05:17:28,17.16,92.99,75.83,21.88,75.49,259.71,9.35
2024-07-11 06:16:46,16.89,102.60,85.71,21.47,75.59,188.18,9.41
2024-07-11 07:17:17,17.21,97.80,80.59,21.18,75.59,260.06,9.42
2024-07-12 09:16:27,14.67,88.90,74.23,20.89,76.11,187.71,9.31
2024-07-12 10:16:10,18.50,94.39,75.89,23.10,76.50,188.54,9.89
2024-07-12 11:15:46,17.05,83.28,66.22,21.18,75.64,187.88,9.36
2024-07-14 11:15:58,18.56,104.63,86.07,23.79,75.98,260.88,14.55
2024-07-14 12:30:14,16.19,94.91,78.72,20.39,75.40,259.85,9.35
2024-07-14 13:29:52,15.85,87.64,71.79,20.45,75.43,187.28,9.30
2024-07-14 14:23:00,16.41,88.88,72.46,20.93,75.48,187.15,9.36
2024-07-14 15:23:08,15.94,86.46,70.52,21.32,76.59,187.35,12.67
2024-07-14 16:26:08,17.13,99.31,82.18,20.96,75.24,187.23,9.74
2024-07-14 17:20:51,16.42,91.52,75.10,21.15,75.52,258.87,9.39
2024-07-14 18:22:11,16.12,86.86,70.75,20.74,76.73,187.32,12.62
2024-07-14 19:17:06,15.57,87.00,71.43,21.24,75.46,260.54,9.47
2024-07-14 20:16:40,15.47,138.91,123.44,20.36,75.43,187.23,9.48
2024-07-14 23:16:18,14.63,88.82,74.19,21.34,77.00,187.69,12.62
2024-07-15 00:37:25,19.49,109.96,90.47,21.13,77.30,259.96,9.56
2024-07-15 01:43:19,18.96,105.79,86.83,24.23,77.14,188.56,11.75
2024-07-15 02:31:23,17.74,100.96,83.22,24.34,76.21,187.69,11.68
2024-07-15 04:18:09,16.83,152.09,135.25,20.43,75.46,187.65,10.17
2024-07-15 09:16:46,15.32,115.82,100.50,20.54,75.40,187.61,9.49
2024-07-15 10:16:21,15.64,96.94,81.30,21.47,76.43,187.66,9.38
2024-07-15 11:16:02,18.60,108.83,90.24,24.14,75.89,187.67,11.66
2024-07-15 13:17:46,16.49,89.67,73.17,21.42,75.43,187.36,9.63
2024-07-15 14:17:21,17.70,103.29,85.59,24.42,76.65,261.52,11.66
2024-07-15 15:16:10,14.79,75.43,60.65,20.79,77.28,187.51,9.47
2024-07-15 16:17:12,13.83,82.28,68.45,19.76,75.43,260.07,10.32
2024-07-15 17:17:24,19.28,101.45,82.17,22.07,75.87,260.35,11.50
2024-07-15 18:18:06,14.83,118.29,103.46,20.10,75.35,259.73,9.34
2024-07-15 19:18:06,21.92,95.70,73.78,21.48,75.43,260.47,9.59
2024-07-15 20:16:17,16.23,89.26,73.02,20.63,75.99,187.62,9.69
2024-07-15 21:16:20,17.38,81.43,64.05,20.26,76.92,187.91,10.11
2024-07-15 22:16:06,17.09,86.28,69.19,20.30,75.34,187.18,9.34
2024-07-15 23:16:37,17.04,93.82,76.78,20.53,75.44,187.55,9.52
2024-07-16 00:34:01,15.32,88.78,73.46,20.92,75.15,187.39,9.46
2024-07-16 09:16:20,16.69,92.63,75.94,22.97,77.91,188.31,11.30
2024-07-16 10:15:33,15.01,83.36,68.35,20.46,75.46,187.23,9.98
2024-07-16 11:17:39,16.82,100.30,83.48,22.98,77.37,260.46,15.62
2024-07-16 13:15:30,15.83,81.26,65.42,21.38,75.43,187.50,9.38
2024-07-16 14:15:41,15.42,77.06,61.64,19.82,75.37,187.75,9.42
2024-07-16 16:17:26,16.37,89.42,73.05,19.99,75.36,260.91,10.35
2024-07-16 17:17:06,18.20,92.62,74.42,23.48,75.66,260.95,11.61
2024-07-16 18:17:30,16.01,88.15,72.14,19.56,75.18,259.93,10.37
2024-07-16 19:16:02,16.05,93.23,77.18,20.47,75.30,187.12,10.41
2024-07-16 20:17:02,19.18,77.33,58.16,21.02,75.41,259.78,9.39
2024-07-16 21:16:06,15.66,82.09,66.43,20.40,75.46,187.18,9.51
2024-07-16 22:17:28,17.57,96.83,79.26,23.70,75.73,260.20,12.57
2024-07-16 23:17:02,17.95,90.40,72.45,22.27,76.00,260.86,11.61
2024-07-17 00:34:52,18.40,102.47,84.07,23.18,75.93,188.37,11.63
2024-07-17 01:42:37,15.28,83.05,67.78,20.41,75.18,187.58,11.73
2024-07-17 02:29:07,16.55,84.63,68.08,21.88,75.59,187.83,9.52
2024-07-17 03:16:12,15.66,76.26,60.60,20.74,75.37,187.86,9.46
2024-07-17 04:16:13,15.17,82.30,67.13,20.27,75.30,187.20,11.20
2024-07-17 07:17:11,14.85,82.65,67.79,20.49,75.36,260.25,9.90
2024-07-17 08:16:46,17.32,93.63,76.31,22.64,75.92,188.24,15.04
2024-07-17 09:17:41,19.20,90.20,71.00,22.56,75.83,260.86,13.59
2024-07-17 10:16:02,16.86,87.03,70.18,20.27,75.46,187.59,9.52
2024-07-17 11:15:41,17.34,87.72,70.39,22.94,75.89,188.16,11.55
2024-07-17 12:18:38,16.90,86.13,69.22,20.50,75.38,187.52,9.42
2024-07-17 13:18:06,21.70,116.31,94.62,23.67,75.46,188.09,11.18
2024-07-17 14:16:00,17.44,84.79,67.35,20.82,75.48,188.27,9.46
2024-07-17 15:17:52,17.21,94.18,76.97,20.25,75.38,259.82,10.04
2024-07-17 16:17:30,17.25,98.85,81.60,20.01,75.34,259.89,9.50
2024-07-17 17:17:24,21.72,93.58,71.87,23.40,75.94,261.42,11.69
2024-07-17 18:16:23,14.31,85.57,71.26,20.07,75.42,187.78,9.85
2024-07-17 19:15:18,15.07,81.25,66.18,20.26,75.12,187.29,11.19
2024-07-17 20:15:56,14.52,88.51,73.99,20.07,75.37,187.59,9.35
2024-07-17 21:17:32,20.01,90.08,70.07,20.33,75.48,260.51,9.41
2024-07-17 22:15:54,15.05,78.77,63.72,20.73,75.34,187.12,9.44
2024-07-18 00:34:27,21.33,101.60,80.27,22.86,75.88,188.22,11.54
2024-07-18 01:42:26,17.73,88.15,70.42,20.81,75.34,187.41,14.72
2024-07-18 02:28:56,14.81,107.48,92.67,19.60,75.19,187.07,9.37
2024-07-18 03:16:49,21.26,101.28,80.01,24.15,75.93,187.91,11.59
2024-07-18 04:16:33,16.03,85.19,69.16,20.33,75.40,187.54,12.37
2024-07-18 05:17:01,15.48,83.21,67.73,20.71,75.23,260.15,9.43
2024-07-18 06:16:42,14.91,81.11,66.20,19.95,75.24,187.34,13.22
2024-07-18 07:17:27,19.25,103.37,84.12,23.71,75.84,260.89,11.52
2024-07-18 08:16:40,17.04,90.08,73.05,20.29,75.42,187.50,9.45
2024-07-18 09:16:52,15.42,78.13,62.71,19.72,75.40,259.90,9.59
2024-07-18 10:15:51,14.98,77.19,62.22,19.72,75.39,187.76,9.54
2024-07-18 12:18:33,15.01,88.48,73.47,20.13,75.36,187.57,9.39
2024-07-18 13:17:22,16.75,86.68,69.92,20.31,75.52,187.69,9.59
2024-07-18 14:15:41,15.62,79.62,64.00,21.58,75.32,187.21,9.68
2024-07-18 15:16:04,15.38,91.34,75.96,20.17,75.43,187.98,9.65
2024-07-18 16:17:43,17.44,97.96,80.51,24.25,75.64,260.38,11.62
2024-07-18 17:15:54,14.30,89.37,75.07,21.01,75.36,187.70,9.38
2024-07-18 18:16:13,15.69,83.76,68.07,19.98,75.50,187.51,10.19
2024-07-18 19:15:55,15.24,88.11,72.87,19.94,75.35,187.38,9.41
2024-07-18 20:16:12,16.01,82.27,66.26,20.64,75.30,187.64,9.39
2024-07-18 21:16:19,17.61,99.82,82.21,23.08,75.88,188.03,11.86
2024-07-18 22:15:35,15.42,85.07,69.65,20.87,75.17,188.00,10.24
2024-07-19 03:17:42,16.46,94.59,78.13,24.19,75.74,260.32,15.22
2024-07-19 04:16:44,16.38,98.43,82.05,19.92,75.34,187.13,9.91
2024-07-19 05:16:21,16.90,92.85,75.95,19.76,75.42,187.46,9.42
2024-07-19 07:17:38,15.71,75.75,60.04,19.65,75.39,259.76,12.38
2024-07-19 08:16:07,15.29,74.47,59.18,19.94,75.48,187.45,9.44
2024-07-19 09:15:52,14.45,83.37,68.93,19.72,75.41,187.78,9.57
2024-07-19 10:15:36,14.46,74.57,60.11,20.72,75.36,187.14,9.64
2024-07-19 11:17:09,14.53,80.38,65.84,20.00,75.37,260.58,9.45
2024-07-19 13:18:11,16.93,83.91,66.98,20.12,75.31,260.32,10.09
2024-07-19 14:16:29,18.90,102.17,83.27,23.56,75.70,188.00,11.59
2024-07-19 15:17:01,14.92,76.25,61.33,20.53,75.46,259.75,10.37
2024-07-19 16:17:32,15.40,89.55,74.15,20.16,75.40,260.69,9.47
2024-07-19 17:15:44,17.09,82.13,65.04,23.23,75.52,188.10,11.70
2024-07-19 18:15:57,14.81,73.94,59.13,19.91,75.39,187.85,9.58
2024-07-19 19:17:13,17.37,99.28,81.91,24.17,75.89,261.03,11.65
2024-07-19 20:17:51,19.15,94.95,75.80,22.93,75.93,260.29,11.81
2024-07-19 21:16:40,14.62,84.58,69.96,19.97,75.34,260.00,9.37
2024-07-19 22:17:45,18.95,87.85,68.91,22.55,75.90,260.54,11.70
2024-07-19 23:16:03,13.55,83.98,70.43,20.04,75.20,187.71,9.38
2024-07-20 00:34:31,15.33,80.60,65.27,21.21,75.28,260.20,10.52
2024-07-20 01:42:45,14.42,75.12,60.70,19.85,75.11,260.33,13.42
2024-07-20 02:27:31,14.75,82.28,67.52,20.36,75.35,187.16,9.43
2024-07-20 03:16:27,19.34,101.56,82.22,23.58,75.94,188.17,11.93
2024-07-20 04:16:53,15.33,79.47,64.14,19.55,75.39,187.85,9.85
2024-07-20 05:18:04,19.81,102.84,83.03,23.18,75.91,260.58,11.70
2024-07-20 06:16:56,16.48,75.16,58.68,20.90,75.58,187.83,9.55
2024-07-20 07:17:23,14.28,102.10,87.82,19.88,75.45,260.11,10.70
2024-07-20 08:16:03,14.18,84.01,69.83,20.20,75.30,187.74,9.59
2024-07-20 09:15:40,15.63,78.28,62.65,19.92,75.23,187.09,9.30
2024-07-20 10:15:55,19.23,93.35,74.12,24.06,75.89,187.90,11.64
2024-07-20 11:15:28,15.91,78.29,62.38,19.79,75.20,187.53,9.44
2024-07-20 13:17:32,16.11,102.46,86.34,22.83,75.97,260.31,13.04
2024-07-20 14:16:51,17.96,89.48,71.52,22.30,75.53,261.06,12.66
2024-07-20 15:15:28,14.99,80.06,65.06,19.79,75.11,187.64,9.32
2024-07-20 16:15:57,15.84,78.95,63.12,21.61,75.68,187.96,11.68
2024-07-20 17:15:33,15.77,86.52,70.75,20.60,75.39,187.77,9.43
2024-07-20 18:16:54,19.19,101.38,82.19,23.83,75.87,188.99,12.24
2024-07-20 19:16:53,17.61,88.50,70.88,22.89,75.92,261.05,11.83
2024-07-20 20:15:39,16.10,82.53,66.43,21.32,75.43,188.02,9.56
2024-07-20 21:16:51,17.68,86.19,68.51,22.98,75.93,260.94,11.55
2024-07-20 22:15:40,14.13,81.57,67.44,20.67,75.20,187.86,9.48
2024-07-20 23:16:45,14.31,76.97,62.66,20.31,75.12,260.48,10.90
2024-07-21 00:36:38,14.57,81.64,67.07,19.58,75.29,187.69,10.96
2024-07-21 01:44:15,15.25,88.70,73.45,21.04,75.55,260.44,14.91
2024-07-21 02:34:35,15.05,69.29,54.24,20.45,75.36,187.29,9.57
2024-07-21 03:20:20,16.53,92.14,75.61,20.40,75.41,187.84,9.67
2024-07-21 04:17:15,14.01,89.46,75.45,19.79,75.39,260.04,9.32
2024-07-21 05:17:41,14.97,80.98,66.01,19.80,75.32,259.32,9.45
2024-07-21 06:16:40,16.44,84.58,68.13,21.71,75.50,187.98,12.93
2024-07-21 07:17:08,19.09,94.85,75.76,23.22,75.78,260.98,11.51
2024-07-21 08:17:42,14.49,97.63,83.14,20.70,75.62,260.09,9.45
2024-07-21 09:15:42,16.23,77.81,61.59,20.55,75.54,187.47,11.57
2024-07-21 10:15:22,14.35,72.67,58.32,20.06,75.32,187.10,9.55
2024-07-21 11:15:48,16.50,80.23,63.74,21.79,75.50,187.91,12.12
2024-07-21 13:16:11,18.38,88.48,70.10,23.00,76.18,188.53,12.34
2024-07-21 14:15:27,14.50,77.88,63.38,20.14,75.21,187.19,9.84
2024-07-21 15:17:30,17.74,102.81,85.06,23.01,75.65,260.88,12.02
2024-07-21 16:17:54,14.89,87.61,72.72,20.86,75.53,259.88,11.60
2024-07-21 17:16:57,17.50,94.18,76.67,23.35,75.85,260.18,11.82
2024-07-21 18:17:11,15.24,77.43,62.19,20.22,75.40,259.81,9.68
2024-07-21 20:17:28,15.09,88.40,73.31,20.30,75.47,260.24,10.33
2024-07-21 21:15:46,15.29,86.27,70.97,20.42,75.32,187.56,9.39
2024-07-21 22:15:32,14.44,81.59,67.15,20.32,75.32,187.62,9.48
2024-07-22 00:36:49,17.42,95.80,78.38,22.19,76.20,260.88,12.08
2024-07-22 01:44:25,19.46,96.62,77.17,23.38,75.71,260.54,12.54
2024-07-22 02:31:49,14.35,81.73,67.38,20.12,75.37,260.24,9.50
2024-07-22 03:17:41,19.93,92.24,72.32,23.04,75.53,260.72,12.52
2024-07-22 05:15:48,13.88,78.06,64.18,20.67,75.16,187.83,9.61
2024-07-22 08:16:50,14.63,83.55,68.92,19.82,75.27,187.17,9.53
2024-07-22 09:16:28,16.48,84.56,68.08,20.46,75.34,187.38,9.52
2024-07-22 10:17:02,15.02,80.57,65.55,20.85,75.86,259.90,9.57
2024-07-22 11:16:41,15.66,80.77,65.11,21.82,75.37,260.09,9.91
2024-07-22 13:18:53,17.86,92.27,74.42,23.35,75.88,260.24,12.02
2024-07-22 14:16:32,19.45,89.84,70.39,20.56,75.41,187.37,9.56
2024-07-22 15:17:15,14.47,87.34,72.87,21.25,75.27,259.90,9.49
2024-07-22 17:17:20,17.49,103.60,86.11,24.43,75.84,260.83,16.89
2024-07-22 18:16:37,16.84,80.93,64.08,20.70,75.40,187.77,9.49
2024-07-22 19:15:14,15.08,76.49,61.40,20.45,75.35,187.32,9.87
2024-07-22 20:16:13,16.86,91.75,74.90,22.94,75.65,187.74,9.81
2024-07-22 21:15:40,15.98,85.09,69.11,20.16,75.33,187.34,9.60
2024-07-22 22:17:20,18.11,96.09,77.98,21.52,75.47,260.98,11.32
2024-07-22 23:15:51,17.73,82.74,65.00,23.64,75.56,188.53,11.70
2024-07-23 00:34:31,16.20,89.58,73.38,20.87,75.19,187.87,10.42
2024-07-23 01:43:41,15.74,78.67,62.93,20.33,75.50,260.51,11.00
2024-07-23 02:29:06,16.67,80.27,63.61,20.87,75.46,187.19,10.21
2024-07-23 03:17:45,19.41,102.74,83.34,22.62,75.98,260.83,11.98
2024-07-23 04:17:29,17.35,84.95,67.60,23.27,75.92,261.30,12.44
2024-07-23 05:16:12,17.34,101.02,83.68,22.99,75.86,188.66,11.80
2024-07-23 06:16:21,15.02,81.26,66.24,20.27,75.51,187.33,10.16
2024-07-23 07:15:50,15.81,79.26,63.45,20.38,75.47,187.46,9.63
2024-07-23 08:17:39,19.34,104.20,84.86,24.22,75.64,188.44,12.17
2024-07-23 10:15:45,15.32,78.49,63.17,21.45,75.39,187.19,9.51
2024-07-23 11:17:08,15.48,77.31,61.84,20.91,75.37,260.43,9.58
2024-07-23 13:18:48,16.21,88.91,72.70,20.42,75.54,259.87,11.14
2024-07-23 14:17:00,16.71,84.18,67.47,22.15,75.51,260.03,9.64
2024-07-23 15:15:56,15.16,78.29,63.14,20.12,75.42,187.14,10.13
2024-07-23 16:17:27,15.63,81.07,65.43,21.41,75.19,260.46,9.54
2024-07-23 17:17:21,19.71,99.19,79.48,22.64,75.61,260.68,11.66
2024-07-23 18:16:32,14.99,85.76,70.77,21.31,75.36,187.62,9.41
2024-07-23 19:16:39,17.48,80.89,63.41,20.71,75.61,260.12,9.49
2024-07-23 20:17:31,17.43,82.61,65.19,20.46,75.35,259.77,9.71
2024-07-23 21:18:10,17.30,92.96,75.66,20.69,75.50,260.65,9.62
2024-07-23 22:15:53,15.09,86.01,70.92,20.95,75.40,187.98,9.51
2024-07-23 23:16:19,16.17,87.16,70.99,20.20,75.57,186.97,9.33
2024-07-24 00:36:05,15.32,74.20,58.88,20.13,75.32,259.88,9.95
2024-07-24 01:43:51,15.62,78.76,63.14,21.13,75.23,260.15,11.07
2024-07-24 02:31:13,18.63,121.89,103.25,20.04,75.55,260.89,9.61
2024-07-24 03:17:08,14.76,72.92,58.16,20.34,75.37,260.44,9.51
2024-07-24 04:16:58,21.24,105.86,84.63,22.96,76.29,189.00,11.80
2024-07-24 05:15:41,16.79,77.63,60.84,19.22,75.32,187.17,10.23
2024-07-24 07:17:02,14.29,80.42,66.13,20.31,75.16,259.96,15.07
2024-07-24 08:16:36,17.97,85.02,67.04,24.65,75.44,187.77,9.47
2024-07-24 09:16:26,20.12,105.26,85.14,25.91,76.08,188.92,12.05
2024-07-24 13:19:17,21.51,108.97,87.46,41.48,78.80,187.20,33.86
2024-07-24 17:16:04,18.58,98.62,80.04,23.60,76.38,187.72,12.29
2024-07-24 18:18:29,20.41,98.59,78.18,23.29,76.45,260.13,11.82
2024-07-24 19:15:39,15.84,106.81,90.96,20.07,75.46,188.08,9.44
2024-07-24 20:17:07,14.85,81.34,66.49,20.41,75.13,260.25,9.44
2024-07-24 21:15:51,14.93,79.00,64.07,20.09,75.39,187.54,9.63
2024-07-24 22:17:00,15.20,72.51,57.31,19.25,75.35,260.25,9.47
2024-07-24 23:16:03,16.83,75.43,58.59,20.57,75.41,187.31,9.44
2024-07-25 00:35:27,18.29,97.94,79.65,23.08,75.96,260.36,11.76
2024-07-25 01:42:41,17.38,85.97,68.59,19.86,75.37,187.01,10.32
2024-07-25 03:17:03,15.34,76.84,61.51,21.97,75.46,260.12,9.46
2024-07-25 04:16:38,18.75,98.80,80.05,23.17,75.86,188.13,12.77
2024-07-25 10:15:38,14.42,70.50,56.08,20.06,75.45,187.70,9.51
2024-07-25 11:17:00,16.24,79.18,62.94,20.71,75.41,260.51,9.54
2024-07-25 17:19:40,18.86,180.58,161.72,23.59,188.44,188.31,12.80
2024-07-25 18:16:09,16.11,83.20,67.09,21.37,75.47,186.87,9.54
2024-07-25 19:15:29,15.44,79.73,64.29,19.92,75.41,187.71,9.48
2024-07-25 20:16:09,14.77,87.45,72.68,20.46,75.51,187.23,9.63
2024-07-25 21:15:45,15.71,76.78,61.06,20.42,75.39,187.20,9.86
2024-07-25 22:15:30,15.39,70.44,55.04,20.61,75.34,187.38,10.16
2024-07-25 23:15:45,14.77,79.42,64.65,19.34,75.19,187.38,9.45
2024-07-26 00:34:13,16.34,85.93,69.59,21.61,75.35,187.84,11.83
2024-07-26 01:42:36,15.15,85.19,70.04,20.53,75.25,187.49,10.04
2024-07-26 02:30:34,18.78,103.52,84.75,22.31,75.71,260.77,11.75
2024-07-26 03:15:55,15.22,78.41,63.18,20.68,75.38,187.58,9.82
2024-07-26 04:17:45,18.53,95.28,76.75,23.71,75.54,260.50,11.70
2024-07-26 05:17:44,17.49,100.88,83.39,22.87,75.92,260.98,11.95
2024-07-26 06:17:44,15.63,72.79,57.17,20.10,75.51,260.12,10.34
2024-07-26 07:15:34,14.57,74.86,60.29,20.32,75.23,187.19,13.84
2024-07-26 08:17:46,17.85,94.89,77.04,23.32,75.55,260.30,12.35
2024-07-26 09:17:23,15.04,81.70,66.65,20.69,75.45,260.26,14.44
2024-07-26 10:16:05,16.37,76.40,60.03,20.07,75.37,187.42,9.42
2024-07-26 11:17:33,19.50,96.61,77.12,22.07,75.51,261.21,16.56
2024-07-26 12:17:22,13.94,78.38,64.44,19.88,75.35,187.80,9.48
2024-07-26 13:17:46,15.25,79.87,64.63,20.34,75.42,260.43,9.34
2024-07-26 15:15:36,14.76,69.34,54.58,20.39,75.37,187.16,9.90
2024-07-26 16:16:21,15.94,81.46,65.51,21.47,75.48,187.27,9.60
2024-07-26 17:16:01,16.17,81.65,65.48,21.30,75.51,187.43,13.69
2024-07-26 18:16:42,17.54,96.54,78.99,20.57,75.71,187.27,14.67
2024-07-26 20:17:33,17.71,89.38,71.68,21.75,76.20,187.77,18.69
2024-07-26 21:17:04,15.25,72.27,57.02,20.19,75.38,260.27,14.58
2024-07-26 22:17:35,15.02,77.83,62.81,19.73,75.50,260.26,14.23
2024-07-26 23:15:40,15.06,82.06,67.00,20.94,75.31,187.03,13.68
2024-07-27 00:33:49,15.65,80.06,64.41,19.77,75.37,187.68,13.66
2024-07-27 01:42:24,17.07,79.06,61.99,20.62,76.26,187.38,14.71
2024-07-27 02:28:04,15.67,77.57,61.90,20.77,75.20,187.24,9.47
2024-07-27 03:16:29,15.86,85.77,69.91,21.19,75.33,187.66,14.15
2024-07-27 04:17:03,19.27,109.27,89.99,29.58,76.32,189.14,14.86
2024-07-27 05:17:44,20.70,96.98,76.29,23.60,75.88,261.18,11.93
2024-07-27 06:16:00,15.68,76.67,61.00,21.04,75.41,187.25,10.18
2024-07-27 07:15:48,14.95,76.18,61.23,19.71,75.41,187.35,9.52
2024-07-27 08:17:19,14.99,83.77,68.78,19.96,75.30,259.89,10.18
2024-07-27 09:16:02,15.92,83.21,67.30,21.16,75.32,187.80,10.37
2024-07-27 10:15:52,13.57,68.76,55.19,21.03,75.30,187.48,10.96
2024-07-27 11:15:29,16.13,83.92,67.79,20.26,75.66,187.73,11.21
2024-07-27 12:18:57,20.91,89.25,68.34,22.93,76.13,188.50,11.25
2024-07-27 13:16:18,16.23,81.85,65.63,21.28,75.51,187.37,9.45
2024-07-27 14:15:33,15.01,74.96,59.95,19.74,75.37,187.45,9.65
2024-07-27 16:17:38,19.00,88.87,69.87,23.76,76.13,260.45,13.77
2024-07-27 17:17:37,18.20,86.98,68.77,23.49,75.96,262.16,12.75
2024-07-27 19:15:27,15.34,78.44,63.10,20.50,75.23,187.24,10.96
2024-07-27 20:15:18,14.18,71.44,57.26,19.82,75.60,187.16,11.06
2024-07-27 21:16:36,14.69,77.41,62.72,20.90,76.89,259.75,11.13
2024-07-27 22:17:07,18.60,96.48,77.88,23.06,76.07,260.52,13.22
2024-07-27 23:17:43,23.28,103.74,80.47,23.33,75.71,259.95,12.35
2024-07-28 00:38:40,18.29,96.39,78.10,23.62,76.03,260.47,12.26
2024-07-28 01:42:44,15.37,79.26,63.89,20.69,75.18,187.43,10.20
2024-07-28 02:30:38,15.57,79.32,63.75,20.37,75.36,187.25,9.42
2024-07-28 04:15:51,16.69,75.66,58.97,19.83,75.46,187.16,9.41
2024-07-28 05:15:59,14.70,82.63,67.92,20.65,75.42,187.30,10.80
2024-07-28 07:15:41,15.04,78.85,63.81,19.73,75.45,187.54,12.32
2024-07-28 08:15:55,14.22,79.89,65.67,20.03,75.36,187.27,9.93
2024-07-28 10:16:22,19.54,94.10,74.56,24.15,75.96,188.53,12.45
2024-07-28 11:17:00,18.21,93.27,75.06,22.89,75.89,260.20,11.55
2024-07-28 12:17:06,15.76,77.71,61.95,20.35,75.63,187.76,9.51
2024-07-28 13:16:06,15.01,80.12,65.11,20.43,75.14,187.86,9.48
2024-07-28 14:15:34,14.65,80.82,66.17,20.21,75.34,187.57,13.40
2024-07-28 15:16:46,14.82,76.73,61.91,20.85,75.20,259.79,14.17
2024-07-28 16:19:28,19.10,86.57,67.47,22.59,180.14,260.69,13.05
2024-07-28 17:17:02,17.32,97.13,79.81,23.32,76.00,260.33,12.07
2024-07-28 18:15:54,14.58,79.43,64.84,21.13,75.40,187.09,9.44
2024-07-28 19:15:40,17.16,90.73,73.57,22.85,75.62,188.05,11.60
2024-07-28 20:15:57,15.21,91.43,76.22,19.66,75.18,187.56,9.62
2024-07-28 21:16:14,16.65,89.89,73.25,20.17,75.25,187.24,10.47
2024-07-28 22:16:09,14.07,107.78,93.70,20.04,75.42,187.26,10.12
2024-07-28 23:17:51,18.53,96.25,77.72,24.46,76.11,260.72,13.78
2024-07-29 01:44:31,18.31,89.07,70.75,22.80,76.18,260.36,16.84
2024-07-29 02:32:13,20.24,111.79,91.55,24.20,76.21,260.36,12.10
2024-07-29 03:17:36,19.46,96.23,76.78,22.29,75.88,261.45,12.15
2024-07-29 04:16:08,15.58,78.14,62.56,20.20,75.36,187.11,9.52
2024-07-29 05:17:37,17.99,92.52,74.53,23.29,76.16,260.33,12.40
2024-07-29 07:15:52,14.83,75.19,60.36,20.27,75.49,187.85,13.59
2024-07-29 08:17:12,18.11,99.53,81.42,23.06,75.89,188.51,24.09
2024-07-29 09:17:43,20.75,97.36,76.61,24.85,76.23,261.68,11.90
2024-07-29 11:16:08,18.58,85.46,66.87,23.43,76.07,188.95,15.65
2024-07-29 13:17:50,15.70,80.23,64.53,20.82,75.56,187.13,28.83
2024-07-29 15:16:33,17.86,103.01,85.15,23.84,76.62,188.13,12.92
2024-07-29 18:16:30,16.33,93.67,77.34,20.99,75.30,187.74,9.56
2024-07-29 19:17:29,21.36,104.84,83.48,23.16,76.04,261.08,11.73
2024-07-29 20:16:03,15.66,82.25,66.59,20.18,75.46,187.83,9.63
2024-07-29 22:16:32,15.50,77.39,61.89,19.74,75.12,186.94,27.88
2024-07-29 23:15:45,16.92,82.13,65.21,20.40,75.38,187.74,9.45
2024-07-30 00:35:31,17.88,144.78,126.90,21.47,75.54,187.27,14.17
2024-07-30 02:29:22,15.90,88.21,72.30,22.34,75.35,187.21,14.09
2024-07-30 03:16:38,16.83,101.17,84.33,22.40,75.99,187.63,15.11
2024-07-30 06:16:19,14.69,70.01,55.32,19.72,75.23,187.21,9.55
2024-07-30 07:15:53,15.64,78.27,62.63,20.61,75.48,187.85,16.74
2024-07-30 08:16:31,15.80,84.91,69.11,20.12,76.60,187.62,17.77
2024-07-30 09:16:25,20.20,94.06,73.86,22.81,76.01,188.47,24.17
2024-07-30 10:16:03,14.55,76.39,61.84,19.73,75.38,187.30,16.64
2024-07-30 11:18:01,18.54,86.50,67.96,23.33,76.12,260.66,17.16
2024-07-30 12:19:14,17.74,92.64,74.90,21.09,75.89,260.51,11.12
2024-07-30 13:17:11,16.05,77.84,61.79,19.96,75.44,187.76,16.56
2024-07-30 14:17:08,16.74,86.65,69.91,20.24,75.45,260.04,9.60
2024-07-30 15:16:24,17.33,90.05,72.72,20.37,75.51,187.50,21.72
2024-07-30 16:16:16,15.57,74.99,59.42,19.91,75.37,187.38,16.65
2024-07-30 17:15:26,15.14,72.67,57.53,20.77,75.48,187.86,9.58
2024-07-30 18:16:16,15.23,82.87,67.64,20.12,75.79,187.60,10.43
2024-07-30 20:16:09,15.97,79.16,63.19,19.59,75.32,187.31,9.37
2024-07-30 21:16:38,14.69,75.82,61.13,19.68,75.21,187.29,23.38
2024-07-30 22:16:08,16.08,75.65,59.57,20.53,75.44,187.62,9.40
2024-07-30 23:16:04,15.25,98.31,83.06,19.77,75.64,187.66,18.29
2024-07-31 00:29:56,16.72,76.89,60.17,20.58,75.42,187.04,9.48
2024-07-31 01:34:27,15.90,77.95,62.05,21.09,75.21,259.79,11.07
2024-07-31 04:16:21,18.69,102.89,84.21,23.31,76.00,188.36,10.99
2024-07-31 06:16:46,17.19,83.71,66.52,20.04,75.35,187.52,23.27
2024-07-31 07:15:32,15.20,83.12,67.92,20.62,75.15,187.69,21.84
2024-07-31 08:18:21,18.97,104.39,85.42,23.70,75.99,260.83,11.88
2024-07-31 09:15:55,13.99,69.47,55.49,18.83,75.18,187.27,9.60
2024-07-31 10:15:52,16.77,96.28,79.50,24.04,76.21,188.17,12.41
2024-07-31 11:15:25,14.05,76.49,62.44,19.72,75.38,187.60,9.34
2024-07-31 12:18:41,18.05,83.82,65.77,20.20,76.00,187.00,9.56
2024-07-31 13:17:08,14.69,82.45,67.76,19.83,75.45,187.88,9.59
2024-07-31 14:16:10,15.11,93.06,77.95,19.20,75.42,187.75,9.35
2024-07-31 15:16:28,15.91,85.98,70.07,21.22,75.38,187.19,14.24
2024-07-31 16:16:16,18.57,87.69,69.12,21.93,75.93,188.60,12.19
2024-07-31 17:15:45,17.01,82.24,65.22,20.73,75.42,187.68,14.46
2024-07-31 18:16:12,15.14,76.25,61.11,20.75,75.40,187.88,9.43
2024-07-31 19:15:57,19.08,93.76,74.68,20.42,75.14,187.05,9.71
2024-07-31 20:16:09,16.16,91.10,74.94,20.10,75.44,187.30,9.43
2024-07-31 21:16:07,15.55,78.50,62.95,20.12,75.53,187.53,9.62
2024-07-31 22:17:12,20.26,94.17,73.91,22.51,75.93,260.70,11.57
2024-07-31 23:17:29,17.19,100.07,82.88,22.66,75.88,260.38,11.72
2024-08-01 00:37:32,16.79,82.67,65.88,20.64,75.40,187.68,14.03
2024-08-01 01:43:07,16.90,82.46,65.56,18.99,75.26,186.99,9.60
2024-08-01 02:31:56,14.89,78.77,63.88,21.57,75.44,187.60,9.42
2024-08-01 03:16:20,17.70,91.95,74.25,22.61,75.96,188.85,11.69
2024-08-01 04:16:03,14.02,78.30,64.28,19.72,75.38,187.27,9.33
2024-08-01 05:16:57,15.16,77.28,62.12,19.61,75.44,259.47,9.46
2024-08-01 07:17:35,19.81,100.00,80.19,22.10,75.70,260.62,15.20
2024-08-01 08:18:02,16.71,77.44,60.73,20.25,75.41,259.76,23.19
2024-08-01 09:15:40,15.35,77.96,62.62,20.56,75.26,187.87,9.45
2024-08-01 10:16:28,17.23,98.38,81.15,21.63,75.93,187.67,10.99
2024-08-01 11:17:25,18.13,97.22,79.09,23.28,75.63,260.68,11.96
2024-08-01 13:17:43,16.43,89.54,73.11,19.94,75.49,187.64,9.38
2024-08-02 19:15:22,15.71,85.57,69.86,20.20,75.22,187.59,9.44
2024-08-02 20:17:28,17.18,91.75,74.57,23.93,75.92,260.05,12.36
2024-08-02 21:17:47,20.49,97.92,77.43,23.89,75.97,260.30,11.39
2024-08-02 22:15:36,14.18,76.65,62.47,20.16,75.48,187.16,9.73
2024-08-02 23:17:04,16.78,82.48,65.71,22.67,76.07,261.06,11.80
2024-08-03 00:33:24,14.15,78.48,64.33,20.06,75.39,187.30,14.47
